sensor_id	sensor_type	location	lat	lon	timestamp	value_type	value
4891	pms5003	3917	6.698	3.322	2024-12-01T13:32:41.933294+00:00	P2	35.46
4891	pms5003	3917	6.698	3.322	2024-12-01T13:32:41.933294+00:00	P1	44.54
4891	pms5003	3917	6.698	3.322	2024-12-01T13:32:41.933294+00:00	P0	22.38
4891	pms5003	3917	6.698	3.322	2024-12-01T13:55:48.589168+00:00	P2	37.46
4891	pms5003	3917	6.698	3.322	2024-12-01T13:55:48.589168+00:00	P1	47.08
4891	pms5003	3917	6.698	3.322	2024-12-01T13:55:48.589168+00:00	P0	24.69
4891	pms5003	3917	6.698	3.322	2024-12-01T14:03:49.459977+00:00	P2	38
4891	pms5003	3917	6.698	3.322	2024-12-01T14:03:49.459977+00:00	P1	46.67
4891	pms5003	3917	6.698	3.322	2024-12-01T14:03:49.459977+00:00	P0	25.33
4891	pms5003	3917	6.698	3.322	2024-12-01T14:11:59.918702+00:00	P2	38.63
4891	pms5003	3917	6.698	3.322	2024-12-01T14:11:59.918702+00:00	P1	47.62
4891	pms5003	3917	6.698	3.322	2024-12-01T14:11:59.918702+00:00	P0	24.63
4892	DHT22	3917	6.698	3.322	2024-12-01T14:12:13.822705+00:00	humidity	33.5
4892	DHT22	3917	6.698	3.322	2024-12-01T14:12:13.822705+00:00	temperature	38.3
4891	pms5003	3917	6.698	3.322	2024-12-01T14:27:51.854534+00:00	P2	35.58
4891	pms5003	3917	6.698	3.322	2024-12-01T14:27:51.854534+00:00	P1	45.5
4891	pms5003	3917	6.698	3.322	2024-12-01T14:27:51.854534+00:00	P0	23.42
4891	pms5003	3917	6.698	3.322	2024-12-01T15:30:16.733180+00:00	P2	36.86
4891	pms5003	3917	6.698	3.322	2024-12-01T15:30:16.733180+00:00	P1	45.36
4891	pms5003	3917	6.698	3.322	2024-12-01T15:30:16.733180+00:00	P0	24.57
4891	pms5003	3917	6.698	3.322	2024-12-01T15:39:24.533831+00:00	P2	38.46
4891	pms5003	3917	6.698	3.322	2024-12-01T15:39:24.533831+00:00	P1	48.15
4891	pms5003	3917	6.698	3.322	2024-12-01T15:39:24.533831+00:00	P0	26
4891	pms5003	3917	6.698	3.322	2024-12-02T17:24:58.427462+00:00	P2	45.36
4891	pms5003	3917	6.698	3.322	2024-12-02T17:24:58.427462+00:00	P1	57.64
4891	pms5003	3917	6.698	3.322	2024-12-02T17:24:58.427462+00:00	P0	30.36
4892	DHT22	3917	6.698	3.322	2024-12-02T17:25:11.627119+00:00	humidity	59.3
4892	DHT22	3917	6.698	3.322	2024-12-02T17:25:11.627119+00:00	temperature	31.2
4891	pms5003	3917	6.698	3.322	2024-12-02T17:26:02.700611+00:00	P2	46
4891	pms5003	3917	6.698	3.322	2024-12-02T17:26:02.700611+00:00	P1	60.5
4891	pms5003	3917	6.698	3.322	2024-12-02T17:26:02.700611+00:00	P0	30
4892	DHT22	3917	6.698	3.322	2024-12-02T17:26:15.834925+00:00	humidity	59.4
4892	DHT22	3917	6.698	3.322	2024-12-02T17:26:15.834925+00:00	temperature	31.4
4891	pms5003	3917	6.698	3.322	2024-12-02T17:30:21.966192+00:00	P2	46.7
4891	pms5003	3917	6.698	3.322	2024-12-02T17:30:21.966192+00:00	P1	60
4891	pms5003	3917	6.698	3.322	2024-12-02T17:30:21.966192+00:00	P0	31.2
4892	DHT22	3917	6.698	3.322	2024-12-02T17:30:35.147817+00:00	humidity	59.4
4892	DHT22	3917	6.698	3.322	2024-12-02T17:30:35.147817+00:00	temperature	31.5
4891	pms5003	3917	6.698	3.322	2024-12-02T17:31:26.022820+00:00	P2	44.6
4891	pms5003	3917	6.698	3.322	2024-12-02T17:31:26.022820+00:00	P1	56.2
4891	pms5003	3917	6.698	3.322	2024-12-02T17:31:26.022820+00:00	P0	29.6
4892	DHT22	3917	6.698	3.322	2024-12-02T17:31:39.167006+00:00	humidity	59
4892	DHT22	3917	6.698	3.322	2024-12-02T17:31:39.167006+00:00	temperature	31.9
4891	pms5003	3917	6.698	3.322	2024-12-02T17:36:08.153233+00:00	P2	48.3
4891	pms5003	3917	6.698	3.322	2024-12-02T17:36:08.153233+00:00	P1	62.4
4891	pms5003	3917	6.698	3.322	2024-12-02T17:36:08.153233+00:00	P0	32.5
4892	DHT22	3917	6.698	3.322	2024-12-02T17:36:21.297502+00:00	humidity	58.7
4892	DHT22	3917	6.698	3.322	2024-12-02T17:36:21.297502+00:00	temperature	32
4891	pms5003	3917	6.698	3.322	2024-12-02T17:37:12.069026+00:00	P2	46.67
4891	pms5003	3917	6.698	3.322	2024-12-02T17:37:12.069026+00:00	P1	60
4891	pms5003	3917	6.698	3.322	2024-12-02T17:37:12.069026+00:00	P0	30.33
4892	DHT22	3917	6.698	3.322	2024-12-02T17:37:25.248940+00:00	humidity	58.3
4892	DHT22	3917	6.698	3.322	2024-12-02T17:37:25.248940+00:00	temperature	32.2
4891	pms5003	3917	6.698	3.322	2024-12-02T17:41:53.618523+00:00	P2	44.5
4891	pms5003	3917	6.698	3.322	2024-12-02T17:41:53.618523+00:00	P1	56.9
4891	pms5003	3917	6.698	3.322	2024-12-02T17:41:53.618523+00:00	P0	30.1
4892	DHT22	3917	6.698	3.322	2024-12-02T17:42:06.822729+00:00	humidity	58.3
4892	DHT22	3917	6.698	3.322	2024-12-02T17:42:06.822729+00:00	temperature	32.2
4891	pms5003	3917	6.698	3.322	2024-12-02T17:46:18.305176+00:00	P2	48.64
4891	pms5003	3917	6.698	3.322	2024-12-02T17:46:18.305176+00:00	P1	62.82
4891	pms5003	3917	6.698	3.322	2024-12-02T17:46:18.305176+00:00	P0	32.27
4892	DHT22	3917	6.698	3.322	2024-12-02T17:46:31.549188+00:00	humidity	58.2
4892	DHT22	3917	6.698	3.322	2024-12-02T17:46:31.549188+00:00	temperature	32.3
4891	pms5003	3917	6.698	3.322	2024-12-02T17:50:37.137420+00:00	P2	45.85
4891	pms5003	3917	6.698	3.322	2024-12-02T17:50:37.137420+00:00	P1	58.85
4891	pms5003	3917	6.698	3.322	2024-12-02T17:50:37.137420+00:00	P0	30.69
4892	DHT22	3917	6.698	3.322	2024-12-02T17:50:50.376472+00:00	humidity	58.3
4892	DHT22	3917	6.698	3.322	2024-12-02T17:50:50.376472+00:00	temperature	32.3
4891	pms5003	3917	6.698	3.322	2024-12-02T17:51:41.148472+00:00	P2	49.75
4891	pms5003	3917	6.698	3.322	2024-12-02T17:51:41.148472+00:00	P1	62.75
4891	pms5003	3917	6.698	3.322	2024-12-02T17:51:41.148472+00:00	P0	33.5
4892	DHT22	3917	6.698	3.322	2024-12-02T17:51:54.468900+00:00	humidity	58.7
4892	DHT22	3917	6.698	3.322	2024-12-02T17:51:54.468900+00:00	temperature	32.3
4891	pms5003	3917	6.698	3.322	2024-12-02T17:56:00.232513+00:00	P2	51.67
4891	pms5003	3917	6.698	3.322	2024-12-02T17:56:00.232513+00:00	P1	65.83
4891	pms5003	3917	6.698	3.322	2024-12-02T17:56:00.232513+00:00	P0	34.92
4892	DHT22	3917	6.698	3.322	2024-12-02T17:56:13.497280+00:00	humidity	58.8
4892	DHT22	3917	6.698	3.322	2024-12-02T17:56:13.497280+00:00	temperature	32.3
4891	pms5003	3917	6.698	3.322	2024-12-02T17:57:04.257900+00:00	P2	52
4891	pms5003	3917	6.698	3.322	2024-12-02T17:57:04.257900+00:00	P1	68
4891	pms5003	3917	6.698	3.322	2024-12-02T17:57:04.257900+00:00	P0	35
4892	DHT22	3917	6.698	3.322	2024-12-02T17:57:17.377837+00:00	humidity	59.1
4892	DHT22	3917	6.698	3.322	2024-12-02T17:57:17.377837+00:00	temperature	32.2
4891	pms5003	3917	6.698	3.322	2024-12-02T18:02:20.456487+00:00	P2	46
4891	pms5003	3917	6.698	3.322	2024-12-02T18:02:20.456487+00:00	P1	58
4891	pms5003	3917	6.698	3.322	2024-12-02T18:02:20.456487+00:00	P0	31.67
4892	DHT22	3917	6.698	3.322	2024-12-02T18:02:33.599719+00:00	humidity	59.2
4892	DHT22	3917	6.698	3.322	2024-12-02T18:02:33.599719+00:00	temperature	32.2
4891	pms5003	3917	6.698	3.322	2024-12-02T18:03:24.611084+00:00	P2	48
4891	pms5003	3917	6.698	3.322	2024-12-02T18:03:24.611084+00:00	P1	63
4891	pms5003	3917	6.698	3.322	2024-12-02T18:03:24.611084+00:00	P0	33
4891	pms5003	3917	6.698	3.322	2024-12-02T18:06:52.619906+00:00	P2	46.92
4891	pms5003	3917	6.698	3.322	2024-12-02T18:06:52.619906+00:00	P1	60.92
4891	pms5003	3917	6.698	3.322	2024-12-02T18:06:52.619906+00:00	P0	31.69
4892	DHT22	3917	6.698	3.322	2024-12-02T18:07:06.117816+00:00	humidity	58.9
4892	DHT22	3917	6.698	3.322	2024-12-02T18:07:06.117816+00:00	temperature	32.1
4891	pms5003	3917	6.698	3.322	2024-12-02T18:07:56.890358+00:00	P2	48
4891	pms5003	3917	6.698	3.322	2024-12-02T18:07:56.890358+00:00	P1	59.5
4891	pms5003	3917	6.698	3.322	2024-12-02T18:07:56.890358+00:00	P0	31
4892	DHT22	3917	6.698	3.322	2024-12-02T18:08:10.155658+00:00	humidity	59.4
4892	DHT22	3917	6.698	3.322	2024-12-02T18:08:10.155658+00:00	temperature	32
4891	pms5003	3917	6.698	3.322	2024-12-02T18:12:15.790348+00:00	P2	54.47
4891	pms5003	3917	6.698	3.322	2024-12-02T18:12:15.790348+00:00	P1	70.4
4891	pms5003	3917	6.698	3.322	2024-12-02T18:12:15.790348+00:00	P0	36
4892	DHT22	3917	6.698	3.322	2024-12-02T18:12:30.126424+00:00	humidity	59.6
4892	DHT22	3917	6.698	3.322	2024-12-02T18:12:30.126424+00:00	temperature	32
4891	pms5003	3917	6.698	3.322	2024-12-02T18:18:38.138144+00:00	P2	59
4891	pms5003	3917	6.698	3.322	2024-12-02T18:18:38.138144+00:00	P1	72.92
4891	pms5003	3917	6.698	3.322	2024-12-02T18:18:38.138144+00:00	P0	38.83
4892	DHT22	3917	6.698	3.322	2024-12-02T18:18:51.588426+00:00	humidity	59.9
4892	DHT22	3917	6.698	3.322	2024-12-02T18:18:51.588426+00:00	temperature	31.9
4891	pms5003	3917	6.698	3.322	2024-12-02T18:19:42.692977+00:00	P2	51
4891	pms5003	3917	6.698	3.322	2024-12-02T18:19:42.692977+00:00	P1	63
4891	pms5003	3917	6.698	3.322	2024-12-02T18:19:42.692977+00:00	P0	35
4892	DHT22	3917	6.698	3.322	2024-12-02T18:19:56.308362+00:00	humidity	60.2
4892	DHT22	3917	6.698	3.322	2024-12-02T18:19:56.308362+00:00	temperature	31.7
4891	pms5003	3917	6.698	3.322	2024-12-02T18:24:01.842778+00:00	P2	50.46
4891	pms5003	3917	6.698	3.322	2024-12-02T18:24:01.842778+00:00	P1	65.85
4891	pms5003	3917	6.698	3.322	2024-12-02T18:24:01.842778+00:00	P0	33.85
4891	pms5003	3917	6.698	3.322	2024-12-02T18:27:29.616331+00:00	P2	50.6
4891	pms5003	3917	6.698	3.322	2024-12-02T18:27:29.616331+00:00	P1	66.5
4891	pms5003	3917	6.698	3.322	2024-12-02T18:27:29.616331+00:00	P0	34
4892	DHT22	3917	6.698	3.322	2024-12-02T18:27:42.850296+00:00	humidity	60.6
4892	DHT22	3917	6.698	3.322	2024-12-02T18:27:42.850296+00:00	temperature	31.6
4891	pms5003	3917	6.698	3.322	2024-12-02T18:33:32.196877+00:00	P2	49.1
4891	pms5003	3917	6.698	3.322	2024-12-02T18:33:32.196877+00:00	P1	63.3
4891	pms5003	3917	6.698	3.322	2024-12-02T18:33:32.196877+00:00	P0	33.2
4892	DHT22	3917	6.698	3.322	2024-12-02T18:33:45.450322+00:00	humidity	61.7
4892	DHT22	3917	6.698	3.322	2024-12-02T18:33:45.450322+00:00	temperature	31.6
4891	pms5003	3917	6.698	3.322	2024-12-02T18:37:51.091066+00:00	P2	46
4891	pms5003	3917	6.698	3.322	2024-12-02T18:37:51.091066+00:00	P1	60.08
4891	pms5003	3917	6.698	3.322	2024-12-02T18:37:51.091066+00:00	P0	30.62
4892	DHT22	3917	6.698	3.322	2024-12-02T18:38:04.321206+00:00	humidity	61.8
4892	DHT22	3917	6.698	3.322	2024-12-02T18:38:04.321206+00:00	temperature	31.4
4891	pms5003	3917	6.698	3.322	2024-12-02T18:42:09.773175+00:00	P2	43.42
4891	pms5003	3917	6.698	3.322	2024-12-02T18:42:09.773175+00:00	P1	56.25
4891	pms5003	3917	6.698	3.322	2024-12-02T18:42:09.773175+00:00	P0	28.58
4892	DHT22	3917	6.698	3.322	2024-12-02T18:42:22.909029+00:00	humidity	63
4892	DHT22	3917	6.698	3.322	2024-12-02T18:42:22.909029+00:00	temperature	31.3
4891	pms5003	3917	6.698	3.322	2024-12-02T18:43:13.681134+00:00	P2	44
4891	pms5003	3917	6.698	3.322	2024-12-02T18:43:13.681134+00:00	P1	54.5
4891	pms5003	3917	6.698	3.322	2024-12-02T18:43:13.681134+00:00	P0	29
4892	DHT22	3917	6.698	3.322	2024-12-02T18:43:27.070593+00:00	humidity	64
4892	DHT22	3917	6.698	3.322	2024-12-02T18:43:27.070593+00:00	temperature	31.2
4891	pms5003	3917	6.698	3.322	2024-12-02T18:48:07.503808+00:00	P2	41
4891	pms5003	3917	6.698	3.322	2024-12-02T18:48:07.503808+00:00	P1	52.33
4891	pms5003	3917	6.698	3.322	2024-12-02T18:48:07.503808+00:00	P0	27.78
4892	DHT22	3917	6.698	3.322	2024-12-02T18:48:20.653092+00:00	humidity	64.1
4892	DHT22	3917	6.698	3.322	2024-12-02T18:48:20.653092+00:00	temperature	31.1
4891	pms5003	3917	6.698	3.322	2024-12-02T18:49:11.460440+00:00	P2	45
4891	pms5003	3917	6.698	3.322	2024-12-02T18:49:11.460440+00:00	P1	56
4891	pms5003	3917	6.698	3.322	2024-12-02T18:49:11.460440+00:00	P0	29
4892	DHT22	3917	6.698	3.322	2024-12-02T18:49:24.814295+00:00	humidity	64.4
4892	DHT22	3917	6.698	3.322	2024-12-02T18:49:24.814295+00:00	temperature	31.1
4891	pms5003	3917	6.698	3.322	2024-12-02T18:53:30.472834+00:00	P2	44.75
4891	pms5003	3917	6.698	3.322	2024-12-02T18:53:30.472834+00:00	P1	56
4891	pms5003	3917	6.698	3.322	2024-12-02T18:53:30.472834+00:00	P0	30.25
4892	DHT22	3917	6.698	3.322	2024-12-02T18:53:43.928448+00:00	humidity	64.6
4892	DHT22	3917	6.698	3.322	2024-12-02T18:53:43.928448+00:00	temperature	31.1
4891	pms5003	3917	6.698	3.322	2024-12-02T18:54:34.809390+00:00	P2	42.67
4891	pms5003	3917	6.698	3.322	2024-12-02T18:54:34.809390+00:00	P1	53.67
4891	pms5003	3917	6.698	3.322	2024-12-02T18:54:34.809390+00:00	P0	29
4892	DHT22	3917	6.698	3.322	2024-12-02T18:54:47.931921+00:00	humidity	65.5
4892	DHT22	3917	6.698	3.322	2024-12-02T18:54:47.931921+00:00	temperature	31
4891	pms5003	3917	6.698	3.322	2024-12-02T18:58:53.612701+00:00	P2	43.67
4891	pms5003	3917	6.698	3.322	2024-12-02T18:58:53.612701+00:00	P1	55.42
4891	pms5003	3917	6.698	3.322	2024-12-02T18:58:53.612701+00:00	P0	29.08
4892	DHT22	3917	6.698	3.322	2024-12-02T18:59:06.889188+00:00	humidity	66.2
4892	DHT22	3917	6.698	3.322	2024-12-02T18:59:06.889188+00:00	temperature	31
4891	pms5003	3917	6.698	3.322	2024-12-02T19:03:12.395304+00:00	P2	41.9
4891	pms5003	3917	6.698	3.322	2024-12-02T19:03:12.395304+00:00	P1	52
4891	pms5003	3917	6.698	3.322	2024-12-02T19:03:12.395304+00:00	P0	28
4892	DHT22	3917	6.698	3.322	2024-12-02T19:03:25.728699+00:00	humidity	66.7
4892	DHT22	3917	6.698	3.322	2024-12-02T19:03:25.728699+00:00	temperature	30.9
4891	pms5003	3917	6.698	3.322	2024-12-02T19:07:31.234121+00:00	P2	43.73
4891	pms5003	3917	6.698	3.322	2024-12-02T19:07:31.234121+00:00	P1	54.45
4891	pms5003	3917	6.698	3.322	2024-12-02T19:07:31.234121+00:00	P0	28.82
4892	DHT22	3917	6.698	3.322	2024-12-02T19:07:44.704889+00:00	humidity	67.1
4892	DHT22	3917	6.698	3.322	2024-12-02T19:07:44.704889+00:00	temperature	30.8
4891	pms5003	3917	6.698	3.322	2024-12-02T19:08:35.749886+00:00	P2	42
4891	pms5003	3917	6.698	3.322	2024-12-02T19:08:35.749886+00:00	P1	51
4891	pms5003	3917	6.698	3.322	2024-12-02T19:08:35.749886+00:00	P0	28.75
4892	DHT22	3917	6.698	3.322	2024-12-02T19:08:48.892470+00:00	humidity	67.2
4892	DHT22	3917	6.698	3.322	2024-12-02T19:08:48.892470+00:00	temperature	30.8
4891	pms5003	3917	6.698	3.322	2024-12-02T19:12:56.581305+00:00	P2	41.64
4891	pms5003	3917	6.698	3.322	2024-12-02T19:12:56.581305+00:00	P1	53.27
4891	pms5003	3917	6.698	3.322	2024-12-02T19:12:56.581305+00:00	P0	27.73
4892	DHT22	3917	6.698	3.322	2024-12-02T19:13:10.131528+00:00	humidity	67.3
4892	DHT22	3917	6.698	3.322	2024-12-02T19:13:10.131528+00:00	temperature	30.8
4891	pms5003	3917	6.698	3.322	2024-12-02T19:17:16.147821+00:00	P2	42.08
4891	pms5003	3917	6.698	3.322	2024-12-02T19:17:16.147821+00:00	P1	53.92
4891	pms5003	3917	6.698	3.322	2024-12-02T19:17:16.147821+00:00	P0	28
4892	DHT22	3917	6.698	3.322	2024-12-02T19:17:29.341502+00:00	humidity	67.6
4892	DHT22	3917	6.698	3.322	2024-12-02T19:17:29.341502+00:00	temperature	30.8
4891	pms5003	3917	6.698	3.322	2024-12-02T19:18:20.619962+00:00	P2	41.5
4891	pms5003	3917	6.698	3.322	2024-12-02T19:18:20.619962+00:00	P1	52.5
4891	pms5003	3917	6.698	3.322	2024-12-02T19:18:20.619962+00:00	P0	27.5
4891	pms5003	3917	6.698	3.322	2024-12-02T19:21:48.390028+00:00	P2	44.55
4891	pms5003	3917	6.698	3.322	2024-12-02T19:21:48.390028+00:00	P1	56
4891	pms5003	3917	6.698	3.322	2024-12-02T19:21:48.390028+00:00	P0	29.64
4892	DHT22	3917	6.698	3.322	2024-12-02T19:22:02.871199+00:00	humidity	68.2
4892	DHT22	3917	6.698	3.322	2024-12-02T19:22:02.871199+00:00	temperature	30.7
4891	pms5003	3917	6.698	3.322	2024-12-02T19:26:08.400124+00:00	P2	45.2
4891	pms5003	3917	6.698	3.322	2024-12-02T19:26:08.400124+00:00	P1	57.9
4891	pms5003	3917	6.698	3.322	2024-12-02T19:26:08.400124+00:00	P0	30.9
4892	DHT22	3917	6.698	3.322	2024-12-02T19:26:21.544545+00:00	humidity	68.6
4892	DHT22	3917	6.698	3.322	2024-12-02T19:26:21.544545+00:00	temperature	30.7
4891	pms5003	3917	6.698	3.322	2024-12-02T19:27:12.749639+00:00	P2	44.25
4891	pms5003	3917	6.698	3.322	2024-12-02T19:27:12.749639+00:00	P1	56.75
4891	pms5003	3917	6.698	3.322	2024-12-02T19:27:12.749639+00:00	P0	30
4892	DHT22	3917	6.698	3.322	2024-12-02T19:27:25.901297+00:00	humidity	69.1
4892	DHT22	3917	6.698	3.322	2024-12-02T19:27:25.901297+00:00	temperature	30.7
4891	pms5003	3917	6.698	3.322	2024-12-02T19:31:31.989652+00:00	P2	44.75
4891	pms5003	3917	6.698	3.322	2024-12-02T19:31:31.989652+00:00	P1	58.25
4891	pms5003	3917	6.698	3.322	2024-12-02T19:31:31.989652+00:00	P0	29.92
4892	DHT22	3917	6.698	3.322	2024-12-02T19:31:45.477064+00:00	humidity	69.5
4892	DHT22	3917	6.698	3.322	2024-12-02T19:31:45.477064+00:00	temperature	30.6
4891	pms5003	3917	6.698	3.322	2024-12-02T19:32:41.004622+00:00	P2	43.5
4891	pms5003	3917	6.698	3.322	2024-12-02T19:32:41.004622+00:00	P1	53.25
4891	pms5003	3917	6.698	3.322	2024-12-02T19:32:41.004622+00:00	P0	28.5
4891	pms5003	3917	6.698	3.322	2024-12-02T19:36:08.679988+00:00	P2	42.7
4891	pms5003	3917	6.698	3.322	2024-12-02T19:36:08.679988+00:00	P1	53.4
4891	pms5003	3917	6.698	3.322	2024-12-02T19:36:08.679988+00:00	P0	28.5
4892	DHT22	3917	6.698	3.322	2024-12-02T19:36:21.827928+00:00	humidity	69.7
4892	DHT22	3917	6.698	3.322	2024-12-02T19:36:21.827928+00:00	temperature	30.6
4891	pms5003	3917	6.698	3.322	2024-12-02T19:37:14.768580+00:00	P2	44
4891	pms5003	3917	6.698	3.322	2024-12-02T19:37:14.768580+00:00	P1	54.67
4891	pms5003	3917	6.698	3.322	2024-12-02T19:37:14.768580+00:00	P0	28.33
4892	DHT22	3917	6.698	3.322	2024-12-02T19:37:28.890060+00:00	humidity	70.1
4892	DHT22	3917	6.698	3.322	2024-12-02T19:37:28.890060+00:00	temperature	30.6
4891	pms5003	3917	6.698	3.322	2024-12-02T19:38:20.277045+00:00	P2	44.75
4891	pms5003	3917	6.698	3.322	2024-12-02T19:38:20.277045+00:00	P1	58.5
4891	pms5003	3917	6.698	3.322	2024-12-02T19:38:20.277045+00:00	P0	30.5
4891	pms5003	3917	6.698	3.322	2024-12-02T19:41:50.713784+00:00	P2	44.63
4891	pms5003	3917	6.698	3.322	2024-12-02T19:41:50.713784+00:00	P1	54.88
4891	pms5003	3917	6.698	3.322	2024-12-02T19:41:50.713784+00:00	P0	29.75
4892	DHT22	3917	6.698	3.322	2024-12-02T19:42:03.952378+00:00	humidity	70
4892	DHT22	3917	6.698	3.322	2024-12-02T19:42:03.952378+00:00	temperature	30.5
4891	pms5003	3917	6.698	3.322	2024-12-02T19:42:54.688035+00:00	P2	42
4891	pms5003	3917	6.698	3.322	2024-12-02T19:42:54.688035+00:00	P1	55
4891	pms5003	3917	6.698	3.322	2024-12-02T19:42:54.688035+00:00	P0	28
4892	DHT22	3917	6.698	3.322	2024-12-02T19:43:07.827480+00:00	humidity	70.4
4892	DHT22	3917	6.698	3.322	2024-12-02T19:43:07.827480+00:00	temperature	30.5
4891	pms5003	3917	6.698	3.322	2024-12-02T19:47:13.614637+00:00	P2	42.27
4891	pms5003	3917	6.698	3.322	2024-12-02T19:47:13.614637+00:00	P1	53.18
4891	pms5003	3917	6.698	3.322	2024-12-02T19:47:13.614637+00:00	P0	28.09
4892	DHT22	3917	6.698	3.322	2024-12-02T19:47:26.987851+00:00	humidity	70.6
4892	DHT22	3917	6.698	3.322	2024-12-02T19:47:26.987851+00:00	temperature	30.5
4891	pms5003	3917	6.698	3.322	2024-12-02T19:48:20.099995+00:00	P2	43.5
4891	pms5003	3917	6.698	3.322	2024-12-02T19:48:20.099995+00:00	P1	52.75
4891	pms5003	3917	6.698	3.322	2024-12-02T19:48:20.099995+00:00	P0	28.5
4892	DHT22	3917	6.698	3.322	2024-12-02T19:48:33.471293+00:00	humidity	70.6
4892	DHT22	3917	6.698	3.322	2024-12-02T19:48:33.471293+00:00	temperature	30.5
4891	pms5003	3917	6.698	3.322	2024-12-02T19:49:24.312927+00:00	P2	41
4891	pms5003	3917	6.698	3.322	2024-12-02T19:49:24.312927+00:00	P1	50
4891	pms5003	3917	6.698	3.322	2024-12-02T19:49:24.312927+00:00	P0	28
4891	pms5003	3917	6.698	3.322	2024-12-02T19:52:52.029051+00:00	P2	44.09
4891	pms5003	3917	6.698	3.322	2024-12-02T19:52:52.029051+00:00	P1	56.18
4891	pms5003	3917	6.698	3.322	2024-12-02T19:52:52.029051+00:00	P0	29.09
4891	pms5003	3917	6.698	3.322	2024-12-03T14:25:07.793213+00:00	P2	46.09
4891	pms5003	3917	6.698	3.322	2024-12-03T14:25:07.793213+00:00	P1	58
4891	pms5003	3917	6.698	3.322	2024-12-03T14:25:07.793213+00:00	P0	31.09
4891	pms5003	3917	6.698	3.322	2024-12-03T14:33:18.853483+00:00	P2	41.8
4891	pms5003	3917	6.698	3.322	2024-12-03T14:33:18.853483+00:00	P1	53.2
4891	pms5003	3917	6.698	3.322	2024-12-03T14:33:18.853483+00:00	P0	28.2
4892	DHT22	3917	6.698	3.322	2024-12-03T14:33:32.116854+00:00	humidity	57.1
4892	DHT22	3917	6.698	3.322	2024-12-03T14:33:32.116854+00:00	temperature	36.5
4891	pms5003	3917	6.698	3.322	2024-12-03T14:34:24.287225+00:00	P2	42
4891	pms5003	3917	6.698	3.322	2024-12-03T14:34:24.287225+00:00	P1	53
4891	pms5003	3917	6.698	3.322	2024-12-03T14:34:24.287225+00:00	P0	29
4892	DHT22	3917	6.698	3.322	2024-12-03T14:34:37.773506+00:00	humidity	56.7
4892	DHT22	3917	6.698	3.322	2024-12-03T14:34:37.773506+00:00	temperature	36.8
4891	pms5003	3917	6.698	3.322	2024-12-03T14:38:44.365884+00:00	P2	43.08
4891	pms5003	3917	6.698	3.322	2024-12-03T14:38:44.365884+00:00	P1	55.67
4891	pms5003	3917	6.698	3.322	2024-12-03T14:38:44.365884+00:00	P0	28.5
4891	pms5003	3917	6.698	3.322	2024-12-03T14:46:54.480441+00:00	P2	40.64
4891	pms5003	3917	6.698	3.322	2024-12-03T14:46:54.480441+00:00	P1	52.91
4891	pms5003	3917	6.698	3.322	2024-12-03T14:46:54.480441+00:00	P0	27.91
4891	pms5003	3917	6.698	3.322	2024-12-03T14:55:05.547481+00:00	P2	43.6
4891	pms5003	3917	6.698	3.322	2024-12-03T14:55:05.547481+00:00	P1	55.8
4891	pms5003	3917	6.698	3.322	2024-12-03T14:55:05.547481+00:00	P0	29.4
4892	DHT22	3917	6.698	3.322	2024-12-03T14:55:19.271529+00:00	humidity	56.3
4892	DHT22	3917	6.698	3.322	2024-12-03T14:55:19.271529+00:00	temperature	36.9
4891	pms5003	3917	6.698	3.322	2024-12-03T14:56:10.698593+00:00	P2	40
4891	pms5003	3917	6.698	3.322	2024-12-03T14:56:10.698593+00:00	P1	52
4891	pms5003	3917	6.698	3.322	2024-12-03T14:56:10.698593+00:00	P0	28
4891	pms5003	3917	6.698	3.322	2024-12-03T14:59:38.676813+00:00	P2	42.79
4891	pms5003	3917	6.698	3.322	2024-12-03T14:59:38.676813+00:00	P1	54
4891	pms5003	3917	6.698	3.322	2024-12-03T14:59:38.676813+00:00	P0	28.93
4891	pms5003	3917	6.698	3.322	2024-12-03T15:15:46.394337+00:00	P2	42.73
4891	pms5003	3917	6.698	3.322	2024-12-03T15:15:46.394337+00:00	P1	53.91
4891	pms5003	3917	6.698	3.322	2024-12-03T15:15:46.394337+00:00	P0	28.45
4892	DHT22	3917	6.698	3.322	2024-12-03T15:16:00.069739+00:00	humidity	56.8
4892	DHT22	3917	6.698	3.322	2024-12-03T15:16:00.069739+00:00	temperature	36.4
4891	pms5003	3917	6.698	3.322	2024-12-03T15:24:27.231633+00:00	P2	41.82
4891	pms5003	3917	6.698	3.322	2024-12-03T15:24:27.231633+00:00	P1	54.18
4891	pms5003	3917	6.698	3.322	2024-12-03T15:24:27.231633+00:00	P0	28.18
4891	pms5003	3917	6.698	3.322	2024-12-03T15:32:37.090640+00:00	P2	42
4891	pms5003	3917	6.698	3.322	2024-12-03T15:32:37.090640+00:00	P1	53
4891	pms5003	3917	6.698	3.322	2024-12-03T15:32:37.090640+00:00	P0	28.25
4891	pms5003	3917	6.698	3.322	2024-12-03T15:40:47.814271+00:00	P2	42.43
4891	pms5003	3917	6.698	3.322	2024-12-03T15:40:47.814271+00:00	P1	51.43
4891	pms5003	3917	6.698	3.322	2024-12-03T15:40:47.814271+00:00	P0	28.29
4892	DHT22	3917	6.698	3.322	2024-12-03T15:41:01.554913+00:00	humidity	58.6
4892	DHT22	3917	6.698	3.322	2024-12-03T15:41:01.554913+00:00	temperature	35.6
4891	pms5003	3917	6.698	3.322	2024-12-04T14:13:21.063608+00:00	P2	33.67
4891	pms5003	3917	6.698	3.322	2024-12-04T14:13:21.063608+00:00	P1	40.22
4891	pms5003	3917	6.698	3.322	2024-12-04T14:13:21.063608+00:00	P0	23
4891	pms5003	3917	6.698	3.322	2024-12-04T14:21:30.975225+00:00	P2	34.5
4891	pms5003	3917	6.698	3.322	2024-12-04T14:21:30.975225+00:00	P1	41.42
4891	pms5003	3917	6.698	3.322	2024-12-04T14:21:30.975225+00:00	P0	23.17
4892	DHT22	3917	6.698	3.322	2024-12-04T14:21:45.938569+00:00	humidity	46.1
4892	DHT22	3917	6.698	3.322	2024-12-04T14:21:45.938569+00:00	temperature	37.5
4891	pms5003	3917	6.698	3.322	2024-12-04T14:35:49.014394+00:00	P2	37.07
4891	pms5003	3917	6.698	3.322	2024-12-04T14:35:49.014394+00:00	P1	46.43
4891	pms5003	3917	6.698	3.322	2024-12-04T14:35:49.014394+00:00	P0	26.43
4892	DHT22	3917	6.698	3.322	2024-12-04T14:36:02.331148+00:00	humidity	46.7
4892	DHT22	3917	6.698	3.322	2024-12-04T14:36:02.331148+00:00	temperature	37.1
4891	pms5003	3917	6.698	3.322	2024-12-04T14:50:31.455441+00:00	P2	39
4891	pms5003	3917	6.698	3.322	2024-12-04T14:50:31.455441+00:00	P1	49.91
4891	pms5003	3917	6.698	3.322	2024-12-04T14:50:31.455441+00:00	P0	27.09
4892	DHT22	3917	6.698	3.322	2024-12-04T14:50:44.832670+00:00	humidity	45.9
4892	DHT22	3917	6.698	3.322	2024-12-04T14:50:44.832670+00:00	temperature	36.7
4891	pms5003	3917	6.698	3.322	2024-12-04T15:14:09.068109+00:00	P2	36
4891	pms5003	3917	6.698	3.322	2024-12-04T15:14:09.068109+00:00	P1	44.57
4891	pms5003	3917	6.698	3.322	2024-12-04T15:14:09.068109+00:00	P0	24.86
4892	DHT22	3917	6.698	3.322	2024-12-04T15:14:22.247295+00:00	humidity	47.1
4892	DHT22	3917	6.698	3.322	2024-12-04T15:14:22.247295+00:00	temperature	36.4
4891	pms5003	3917	6.698	3.322	2024-12-04T15:36:06.648885+00:00	P2	46.83
4891	pms5003	3917	6.698	3.322	2024-12-04T15:36:06.648885+00:00	P1	58.83
4891	pms5003	3917	6.698	3.322	2024-12-04T15:36:06.648885+00:00	P0	32.5
4891	pms5003	3917	6.698	3.322	2024-12-05T12:21:56.207313+00:00	P2	39.22
4891	pms5003	3917	6.698	3.322	2024-12-05T12:21:56.207313+00:00	P1	47.89
4891	pms5003	3917	6.698	3.322	2024-12-05T12:21:56.207313+00:00	P0	25.56
4892	DHT22	3917	6.698	3.322	2024-12-05T12:22:13.145145+00:00	humidity	55.1
4892	DHT22	3917	6.698	3.322	2024-12-05T12:22:13.145145+00:00	temperature	36.3
4891	pms5003	3917	6.698	3.322	2024-12-05T12:53:58.066984+00:00	P2	39.17
4891	pms5003	3917	6.698	3.322	2024-12-05T12:53:58.066984+00:00	P1	50.33
4891	pms5003	3917	6.698	3.322	2024-12-05T12:53:58.066984+00:00	P0	26.92
4891	pms5003	3917	6.698	3.322	2024-12-05T13:02:09.030293+00:00	P2	37.45
4891	pms5003	3917	6.698	3.322	2024-12-05T13:02:09.030293+00:00	P1	48.91
4891	pms5003	3917	6.698	3.322	2024-12-05T13:02:09.030293+00:00	P0	26
4892	DHT22	3917	6.698	3.322	2024-12-05T13:02:22.368430+00:00	humidity	54.6
4892	DHT22	3917	6.698	3.322	2024-12-05T13:02:22.368430+00:00	temperature	35.4
4891	pms5003	3917	6.698	3.322	2024-12-05T13:10:40.825678+00:00	P2	37.89
4891	pms5003	3917	6.698	3.322	2024-12-05T13:10:40.825678+00:00	P1	47.11
4891	pms5003	3917	6.698	3.322	2024-12-05T13:10:40.825678+00:00	P0	26.67
4892	DHT22	3917	6.698	3.322	2024-12-05T13:10:54.443445+00:00	humidity	54.7
4892	DHT22	3917	6.698	3.322	2024-12-05T13:10:54.443445+00:00	temperature	35.6
4891	pms5003	3917	6.698	3.322	2024-12-05T13:11:46.004244+00:00	P2	40
4891	pms5003	3917	6.698	3.322	2024-12-05T13:11:46.004244+00:00	P1	47
4891	pms5003	3917	6.698	3.322	2024-12-05T13:11:46.004244+00:00	P0	27
4891	pms5003	3917	6.698	3.322	2024-12-05T13:15:14.084816+00:00	P2	40.55
4891	pms5003	3917	6.698	3.322	2024-12-05T13:15:14.084816+00:00	P1	48.09
4891	pms5003	3917	6.698	3.322	2024-12-05T13:15:14.084816+00:00	P0	27.73
4891	pms5003	3917	6.698	3.322	2024-12-05T13:30:14.349426+00:00	P2	41.3
4891	pms5003	3917	6.698	3.322	2024-12-05T13:30:14.349426+00:00	P1	50.4
4891	pms5003	3917	6.698	3.322	2024-12-05T13:30:14.349426+00:00	P0	27.4
4891	pms5003	3917	6.698	3.322	2024-12-05T13:41:56.228732+00:00	P2	40
4891	pms5003	3917	6.698	3.322	2024-12-05T13:41:56.228732+00:00	P1	49.78
4891	pms5003	3917	6.698	3.322	2024-12-05T13:41:56.228732+00:00	P0	27.44
4891	pms5003	3917	6.698	3.322	2024-12-05T15:46:41.570317+00:00	P2	45.5
4891	pms5003	3917	6.698	3.322	2024-12-05T15:46:41.570317+00:00	P1	56.64
4891	pms5003	3917	6.698	3.322	2024-12-05T15:46:41.570317+00:00	P0	31.5
4892	DHT22	3917	6.698	3.322	2024-12-05T15:46:54.682232+00:00	humidity	64.3
4892	DHT22	3917	6.698	3.322	2024-12-05T15:46:54.682232+00:00	temperature	34.1
4891	pms5003	3917	6.698	3.322	2024-12-05T15:47:45.768934+00:00	P2	45
4891	pms5003	3917	6.698	3.322	2024-12-05T15:47:45.768934+00:00	P1	57
4891	pms5003	3917	6.698	3.322	2024-12-05T15:47:45.768934+00:00	P0	31
4892	DHT22	3917	6.698	3.322	2024-12-05T15:47:59.088765+00:00	humidity	64.3
4892	DHT22	3917	6.698	3.322	2024-12-05T15:47:59.088765+00:00	temperature	34.2
4891	pms5003	3917	6.698	3.322	2024-12-06T13:43:12.362250+00:00	P2	38.8
4891	pms5003	3917	6.698	3.322	2024-12-06T13:43:12.362250+00:00	P1	46.8
4891	pms5003	3917	6.698	3.322	2024-12-06T13:43:12.362250+00:00	P0	25.2
4892	DHT22	3917	6.698	3.322	2024-12-06T13:43:34.208454+00:00	humidity	47.3
4892	DHT22	3917	6.698	3.322	2024-12-06T13:43:34.208454+00:00	temperature	36.2
4891	pms5003	3917	6.698	3.322	2024-12-06T13:44:27.095242+00:00	P2	38
4891	pms5003	3917	6.698	3.322	2024-12-06T13:44:27.095242+00:00	P1	44.67
4891	pms5003	3917	6.698	3.322	2024-12-06T13:44:27.095242+00:00	P0	25.67
4891	pms5003	3917	6.698	3.322	2024-12-06T14:01:07.138954+00:00	P2	47.27
4891	pms5003	3917	6.698	3.322	2024-12-06T14:01:07.138954+00:00	P1	59.18
4891	pms5003	3917	6.698	3.322	2024-12-06T14:01:07.138954+00:00	P0	32.55
4892	DHT22	3917	6.698	3.322	2024-12-06T14:01:20.188490+00:00	humidity	48
4892	DHT22	3917	6.698	3.322	2024-12-06T14:01:20.188490+00:00	temperature	36.9
4891	pms5003	3917	6.698	3.322	2024-12-06T14:02:11.174760+00:00	P2	45.4
4891	pms5003	3917	6.698	3.322	2024-12-06T14:02:11.174760+00:00	P1	57
4891	pms5003	3917	6.698	3.322	2024-12-06T14:02:11.174760+00:00	P0	31.4
4892	DHT22	3917	6.698	3.322	2024-12-06T14:02:24.519906+00:00	humidity	53.8
4892	DHT22	3917	6.698	3.322	2024-12-06T14:02:24.519906+00:00	temperature	36.7
4891	pms5003	3917	6.698	3.322	2024-12-06T14:11:43.990522+00:00	P2	44.5
4891	pms5003	3917	6.698	3.322	2024-12-06T14:11:43.990522+00:00	P1	55.17
4891	pms5003	3917	6.698	3.322	2024-12-06T14:11:43.990522+00:00	P0	29.75
4892	DHT22	3917	6.698	3.322	2024-12-06T14:11:57.368440+00:00	humidity	54.5
4892	DHT22	3917	6.698	3.322	2024-12-06T14:11:57.368440+00:00	temperature	36.6
4891	pms5003	3917	6.698	3.322	2024-12-06T14:20:17.530318+00:00	P2	44
4891	pms5003	3917	6.698	3.322	2024-12-06T14:20:17.530318+00:00	P1	55.6
4891	pms5003	3917	6.698	3.322	2024-12-06T14:20:17.530318+00:00	P0	30.5
4892	DHT22	3917	6.698	3.322	2024-12-06T14:20:30.892830+00:00	humidity	55.3
4892	DHT22	3917	6.698	3.322	2024-12-06T14:20:30.892830+00:00	temperature	36.3
4891	pms5003	3917	6.698	3.322	2024-12-06T14:21:22.418402+00:00	P2	44.67
4891	pms5003	3917	6.698	3.322	2024-12-06T14:21:22.418402+00:00	P1	55
4891	pms5003	3917	6.698	3.322	2024-12-06T14:21:22.418402+00:00	P0	30.67
4891	pms5003	3917	6.698	3.322	2024-12-06T14:24:50.469215+00:00	P2	44.56
4891	pms5003	3917	6.698	3.322	2024-12-06T14:24:50.469215+00:00	P1	54
4891	pms5003	3917	6.698	3.322	2024-12-06T14:24:50.469215+00:00	P0	30.89
4892	DHT22	3917	6.698	3.322	2024-12-06T14:25:03.964164+00:00	humidity	54.4
4892	DHT22	3917	6.698	3.322	2024-12-06T14:25:03.964164+00:00	temperature	36.3
4891	pms5003	3917	6.698	3.322	2024-12-06T14:33:22.623661+00:00	P2	154.56
4891	pms5003	3917	6.698	3.322	2024-12-06T14:33:22.623661+00:00	P1	163.78
4891	pms5003	3917	6.698	3.322	2024-12-06T14:33:22.623661+00:00	P0	105.67
4892	DHT22	3917	6.698	3.322	2024-12-06T14:33:35.999177+00:00	humidity	54.5
4892	DHT22	3917	6.698	3.322	2024-12-06T14:33:35.999177+00:00	temperature	36.5
4891	pms5003	3917	6.698	3.322	2024-12-06T14:34:27.611946+00:00	P2	54.75
4891	pms5003	3917	6.698	3.322	2024-12-06T14:34:27.611946+00:00	P1	66
4891	pms5003	3917	6.698	3.322	2024-12-06T14:34:27.611946+00:00	P0	37.75
4891	pms5003	3917	6.698	3.322	2024-12-06T14:37:55.617473+00:00	P2	72.75
4891	pms5003	3917	6.698	3.322	2024-12-06T14:37:55.617473+00:00	P1	78.67
4891	pms5003	3917	6.698	3.322	2024-12-06T14:37:55.617473+00:00	P0	53.92
4892	DHT22	3917	6.698	3.322	2024-12-06T14:38:09.011460+00:00	humidity	53.9
4892	DHT22	3917	6.698	3.322	2024-12-06T14:38:09.011460+00:00	temperature	36.6
4891	pms5003	3917	6.698	3.322	2024-12-06T14:53:38.412832+00:00	P2	55.1
4891	pms5003	3917	6.698	3.322	2024-12-06T14:53:38.412832+00:00	P1	67.6
4891	pms5003	3917	6.698	3.322	2024-12-06T14:53:38.412832+00:00	P0	36.2
4892	DHT22	3917	6.698	3.322	2024-12-06T14:53:52.540503+00:00	humidity	56.7
4892	DHT22	3917	6.698	3.322	2024-12-06T14:53:52.540503+00:00	temperature	35.3
4891	pms5003	3917	6.698	3.322	2024-12-06T14:57:58.601665+00:00	P2	54.85
4891	pms5003	3917	6.698	3.322	2024-12-06T14:57:58.601665+00:00	P1	67.85
4891	pms5003	3917	6.698	3.322	2024-12-06T14:57:58.601665+00:00	P0	38.54
4892	DHT22	3917	6.698	3.322	2024-12-06T14:58:12.094563+00:00	humidity	56.4
4892	DHT22	3917	6.698	3.322	2024-12-06T14:58:12.094563+00:00	temperature	35.4
4891	pms5003	3917	6.698	3.322	2024-12-06T14:59:03.304057+00:00	P2	52
4891	pms5003	3917	6.698	3.322	2024-12-06T14:59:03.304057+00:00	P1	63.75
4891	pms5003	3917	6.698	3.322	2024-12-06T14:59:03.304057+00:00	P0	37
4891	pms5003	3917	6.698	3.322	2024-12-06T15:02:31.209304+00:00	P2	89.15
4891	pms5003	3917	6.698	3.322	2024-12-06T15:02:31.209304+00:00	P1	98.08
4891	pms5003	3917	6.698	3.322	2024-12-06T15:02:31.209304+00:00	P0	67.85
4892	DHT22	3917	6.698	3.322	2024-12-06T15:02:44.730854+00:00	humidity	55.4
4892	DHT22	3917	6.698	3.322	2024-12-06T15:02:44.730854+00:00	temperature	36
4891	pms5003	3917	6.698	3.322	2024-12-07T14:15:13.536170+00:00	P2	43.54
4891	pms5003	3917	6.698	3.322	2024-12-07T14:15:13.536170+00:00	P1	53.08
4891	pms5003	3917	6.698	3.322	2024-12-07T14:15:13.536170+00:00	P0	29.38
4891	pms5003	3917	6.698	3.322	2024-12-07T14:31:19.194614+00:00	P2	46.23
4891	pms5003	3917	6.698	3.322	2024-12-07T14:31:19.194614+00:00	P1	57.62
4891	pms5003	3917	6.698	3.322	2024-12-07T14:31:19.194614+00:00	P0	31.85
4891	pms5003	3917	6.698	3.322	2024-12-07T14:39:43.561173+00:00	P2	42.54
4891	pms5003	3917	6.698	3.322	2024-12-07T14:39:43.561173+00:00	P1	52.31
4891	pms5003	3917	6.698	3.322	2024-12-07T14:39:43.561173+00:00	P0	28.62
4891	pms5003	3917	6.698	3.322	2024-12-07T14:55:57.217856+00:00	P2	46.53
4891	pms5003	3917	6.698	3.322	2024-12-07T14:55:57.217856+00:00	P1	58.4
4891	pms5003	3917	6.698	3.322	2024-12-07T14:55:57.217856+00:00	P0	32
4891	pms5003	3917	6.698	3.322	2024-12-07T15:06:47.273918+00:00	P2	49.31
4891	pms5003	3917	6.698	3.322	2024-12-07T15:06:47.273918+00:00	P1	64
4891	pms5003	3917	6.698	3.322	2024-12-07T15:06:47.273918+00:00	P0	33.38
4891	pms5003	3917	6.698	3.322	2024-12-07T15:25:39.978567+00:00	P2	46.58
4891	pms5003	3917	6.698	3.322	2024-12-07T15:25:39.978567+00:00	P1	57.92
4891	pms5003	3917	6.698	3.322	2024-12-07T15:25:39.978567+00:00	P0	31.25
4891	pms5003	3917	6.698	3.322	2024-12-07T15:29:01.173185+00:00	P2	45.08
4891	pms5003	3917	6.698	3.322	2024-12-07T15:29:01.173185+00:00	P1	56.5
4891	pms5003	3917	6.698	3.322	2024-12-07T15:29:01.173185+00:00	P0	30.58
4891	pms5003	3917	6.698	3.322	2024-12-08T17:27:04.777001+00:00	P2	51.64
4891	pms5003	3917	6.698	3.322	2024-12-08T17:27:04.777001+00:00	P1	65.36
4891	pms5003	3917	6.698	3.322	2024-12-08T17:27:04.777001+00:00	P0	35.79
4892	DHT22	3917	6.698	3.322	2024-12-08T17:27:20.709695+00:00	humidity	52.2
4892	DHT22	3917	6.698	3.322	2024-12-08T17:27:20.709695+00:00	temperature	31
4892	DHT22	3917	6.698	3.322	2024-12-08T17:28:33.702846+00:00	humidity	52.1
4892	DHT22	3917	6.698	3.322	2024-12-08T17:28:33.702846+00:00	temperature	31.1
4891	pms5003	3917	6.698	3.322	2024-12-08T17:32:39.988607+00:00	P2	54.36
4891	pms5003	3917	6.698	3.322	2024-12-08T17:32:39.988607+00:00	P1	70.18
4891	pms5003	3917	6.698	3.322	2024-12-08T17:32:39.988607+00:00	P0	38.64
4892	DHT22	3917	6.698	3.322	2024-12-08T17:32:53.278986+00:00	humidity	51.7
4892	DHT22	3917	6.698	3.322	2024-12-08T17:32:53.278986+00:00	temperature	31.3
4891	pms5003	3917	6.698	3.322	2024-12-08T17:33:44.278365+00:00	P2	55
4891	pms5003	3917	6.698	3.322	2024-12-08T17:33:44.278365+00:00	P1	68.5
4891	pms5003	3917	6.698	3.322	2024-12-08T17:33:44.278365+00:00	P0	38
4892	DHT22	3917	6.698	3.322	2024-12-08T17:33:59.754336+00:00	humidity	49.5
4892	DHT22	3917	6.698	3.322	2024-12-08T17:33:59.754336+00:00	temperature	32
4891	pms5003	3917	6.698	3.322	2024-12-08T17:38:05.420418+00:00	P2	49.89
4891	pms5003	3917	6.698	3.322	2024-12-08T17:38:05.420418+00:00	P1	63.78
4891	pms5003	3917	6.698	3.322	2024-12-08T17:38:05.420418+00:00	P0	33.78
4892	DHT22	3917	6.698	3.322	2024-12-08T17:38:18.709356+00:00	humidity	49.4
4892	DHT22	3917	6.698	3.322	2024-12-08T17:38:18.709356+00:00	temperature	32.1
4891	pms5003	3917	6.698	3.322	2024-12-08T17:42:24.780609+00:00	P2	52.1
4891	pms5003	3917	6.698	3.322	2024-12-08T17:42:24.780609+00:00	P1	65.2
4891	pms5003	3917	6.698	3.322	2024-12-08T17:42:24.780609+00:00	P0	36.7
4892	DHT22	3917	6.698	3.322	2024-12-08T17:42:44.112853+00:00	humidity	49.3
4892	DHT22	3917	6.698	3.322	2024-12-08T17:42:44.112853+00:00	temperature	32.4
4891	pms5003	3917	6.698	3.322	2024-12-08T17:43:43.432987+00:00	P2	50
4891	pms5003	3917	6.698	3.322	2024-12-08T17:43:43.432987+00:00	P1	64
4891	pms5003	3917	6.698	3.322	2024-12-08T17:43:43.432987+00:00	P0	34
4891	pms5003	3917	6.698	3.322	2024-12-08T17:47:11.348088+00:00	P2	51.25
4891	pms5003	3917	6.698	3.322	2024-12-08T17:47:11.348088+00:00	P1	64.17
4891	pms5003	3917	6.698	3.322	2024-12-08T17:47:11.348088+00:00	P0	34.25
4892	DHT22	3917	6.698	3.322	2024-12-08T17:47:24.526317+00:00	humidity	49.7
4892	DHT22	3917	6.698	3.322	2024-12-08T17:47:24.526317+00:00	temperature	32.7
4891	pms5003	3917	6.698	3.322	2024-12-08T17:48:20.093141+00:00	P2	50
4891	pms5003	3917	6.698	3.322	2024-12-08T17:48:20.093141+00:00	P1	62.5
4891	pms5003	3917	6.698	3.322	2024-12-08T17:48:20.093141+00:00	P0	34
4892	DHT22	3917	6.698	3.322	2024-12-08T17:48:33.321851+00:00	humidity	50.4
4892	DHT22	3917	6.698	3.322	2024-12-08T17:48:33.321851+00:00	temperature	32.5
4891	pms5003	3917	6.698	3.322	2024-12-08T17:52:39.117056+00:00	P2	50.57
4891	pms5003	3917	6.698	3.322	2024-12-08T17:52:39.117056+00:00	P1	63.29
4891	pms5003	3917	6.698	3.322	2024-12-08T17:52:39.117056+00:00	P0	34.14
4892	DHT22	3917	6.698	3.322	2024-12-08T17:52:52.308497+00:00	humidity	50.4
4892	DHT22	3917	6.698	3.322	2024-12-08T17:52:52.308497+00:00	temperature	32.5
4891	pms5003	3917	6.698	3.322	2024-12-08T17:56:58.361830+00:00	P2	50.58
4891	pms5003	3917	6.698	3.322	2024-12-08T17:56:58.361830+00:00	P1	63.83
4891	pms5003	3917	6.698	3.322	2024-12-08T17:56:58.361830+00:00	P0	35
4892	DHT22	3917	6.698	3.322	2024-12-08T17:57:11.692305+00:00	humidity	50.9
4892	DHT22	3917	6.698	3.322	2024-12-08T17:57:11.692305+00:00	temperature	32.4
4891	pms5003	3917	6.698	3.322	2024-12-08T17:58:02.931848+00:00	P2	51
4891	pms5003	3917	6.698	3.322	2024-12-08T17:58:02.931848+00:00	P1	63.67
4891	pms5003	3917	6.698	3.322	2024-12-08T17:58:02.931848+00:00	P0	35.33
4891	pms5003	3917	6.698	3.322	2024-12-08T18:01:30.715147+00:00	P2	52
4891	pms5003	3917	6.698	3.322	2024-12-08T18:01:30.715147+00:00	P1	64.8
4891	pms5003	3917	6.698	3.322	2024-12-08T18:01:30.715147+00:00	P0	35.7
4892	DHT22	3917	6.698	3.322	2024-12-08T18:01:44.027750+00:00	humidity	51.3
4892	DHT22	3917	6.698	3.322	2024-12-08T18:01:44.027750+00:00	temperature	32.4
4891	pms5003	3917	6.698	3.322	2024-12-08T18:02:35.153450+00:00	P2	52
4891	pms5003	3917	6.698	3.322	2024-12-08T18:02:35.153450+00:00	P1	67.5
4891	pms5003	3917	6.698	3.322	2024-12-08T18:02:35.153450+00:00	P0	36.25
4892	DHT22	3917	6.698	3.322	2024-12-08T18:02:48.341348+00:00	humidity	51.5
4892	DHT22	3917	6.698	3.322	2024-12-08T18:02:48.341348+00:00	temperature	32.4
4891	pms5003	3917	6.698	3.322	2024-12-08T18:06:54.230538+00:00	P2	58.89
4891	pms5003	3917	6.698	3.322	2024-12-08T18:06:54.230538+00:00	P1	69.89
4891	pms5003	3917	6.698	3.322	2024-12-08T18:06:54.230538+00:00	P0	40.67
4892	DHT22	3917	6.698	3.322	2024-12-08T18:07:07.383463+00:00	humidity	51.7
4892	DHT22	3917	6.698	3.322	2024-12-08T18:07:07.383463+00:00	temperature	32.4
4891	pms5003	3917	6.698	3.322	2024-12-08T18:07:58.340279+00:00	P2	55.6
4891	pms5003	3917	6.698	3.322	2024-12-08T18:07:58.340279+00:00	P1	69.6
4891	pms5003	3917	6.698	3.322	2024-12-08T18:07:58.340279+00:00	P0	39.8
4892	DHT22	3917	6.698	3.322	2024-12-08T18:08:11.744180+00:00	humidity	52.3
4892	DHT22	3917	6.698	3.322	2024-12-08T18:08:11.744180+00:00	temperature	32.2
4891	pms5003	3917	6.698	3.322	2024-12-08T18:16:08.530992+00:00	P2	59.36
4891	pms5003	3917	6.698	3.322	2024-12-08T18:16:08.530992+00:00	P1	72.79
4891	pms5003	3917	6.698	3.322	2024-12-08T18:16:08.530992+00:00	P0	42.57
4892	DHT22	3917	6.698	3.322	2024-12-08T18:16:22.127091+00:00	humidity	52.5
4892	DHT22	3917	6.698	3.322	2024-12-08T18:16:22.127091+00:00	temperature	32.2
4891	pms5003	3917	6.698	3.322	2024-12-08T18:17:18.191048+00:00	P2	65
4891	pms5003	3917	6.698	3.322	2024-12-08T18:17:18.191048+00:00	P1	73
4891	pms5003	3917	6.698	3.322	2024-12-08T18:17:18.191048+00:00	P0	44.5
4891	pms5003	3917	6.698	3.322	2024-12-08T18:20:46.138457+00:00	P2	60.6
4891	pms5003	3917	6.698	3.322	2024-12-08T18:20:46.138457+00:00	P1	73.6
4891	pms5003	3917	6.698	3.322	2024-12-08T18:20:46.138457+00:00	P0	43.8
4892	DHT22	3917	6.698	3.322	2024-12-08T18:21:00.114391+00:00	humidity	53.5
4892	DHT22	3917	6.698	3.322	2024-12-08T18:21:00.114391+00:00	temperature	31.9
4891	pms5003	3917	6.698	3.322	2024-12-08T18:28:20.803301+00:00	P2	68.82
4891	pms5003	3917	6.698	3.322	2024-12-08T18:28:20.803301+00:00	P1	78.18
4891	pms5003	3917	6.698	3.322	2024-12-08T18:28:20.803301+00:00	P0	48.09
4892	DHT22	3917	6.698	3.322	2024-12-08T18:28:34.011539+00:00	humidity	54
4892	DHT22	3917	6.698	3.322	2024-12-08T18:28:34.011539+00:00	temperature	31.9
4891	pms5003	3917	6.698	3.322	2024-12-08T18:29:27.070995+00:00	P2	65.75
4891	pms5003	3917	6.698	3.322	2024-12-08T18:29:27.070995+00:00	P1	75.25
4891	pms5003	3917	6.698	3.322	2024-12-08T18:29:27.070995+00:00	P0	46.5
4892	DHT22	3917	6.698	3.322	2024-12-08T18:29:45.945399+00:00	humidity	53.7
4892	DHT22	3917	6.698	3.322	2024-12-08T18:29:45.945399+00:00	temperature	31.6
4891	pms5003	3917	6.698	3.322	2024-12-08T18:33:14.409762+00:00	P2	72.56
4891	pms5003	3917	6.698	3.322	2024-12-08T18:33:14.409762+00:00	P1	80
4891	pms5003	3917	6.698	3.322	2024-12-08T18:33:14.409762+00:00	P0	50.89
4892	DHT22	3917	6.698	3.322	2024-12-08T18:33:27.657811+00:00	humidity	53.7
4892	DHT22	3917	6.698	3.322	2024-12-08T18:33:27.657811+00:00	temperature	31.7
4891	pms5003	3917	6.698	3.322	2024-12-08T18:34:19.183973+00:00	P2	77.33
4891	pms5003	3917	6.698	3.322	2024-12-08T18:34:19.183973+00:00	P1	80.67
4891	pms5003	3917	6.698	3.322	2024-12-08T18:34:19.183973+00:00	P0	54.67
4891	pms5003	3917	6.698	3.322	2024-12-08T18:37:47.022000+00:00	P2	69.9
4891	pms5003	3917	6.698	3.322	2024-12-08T18:37:47.022000+00:00	P1	77.4
4891	pms5003	3917	6.698	3.322	2024-12-08T18:37:47.022000+00:00	P0	50.9
4892	DHT22	3917	6.698	3.322	2024-12-08T18:38:00.827787+00:00	humidity	53.6
4892	DHT22	3917	6.698	3.322	2024-12-08T18:38:00.827787+00:00	temperature	31.7
4891	pms5003	3917	6.698	3.322	2024-12-09T12:07:12.574672+00:00	P2	66.38
4891	pms5003	3917	6.698	3.322	2024-12-09T12:07:12.574672+00:00	P1	75.62
4891	pms5003	3917	6.698	3.322	2024-12-09T12:07:12.574672+00:00	P0	44.08
4891	pms5003	3917	6.698	3.322	2024-12-09T12:47:39.035451+00:00	P2	64.7
4891	pms5003	3917	6.698	3.322	2024-12-09T12:47:39.035451+00:00	P1	76.4
4891	pms5003	3917	6.698	3.322	2024-12-09T12:47:39.035451+00:00	P0	42.4
4892	DHT22	3917	6.698	3.322	2024-12-09T12:47:52.314978+00:00	humidity	40.5
4892	DHT22	3917	6.698	3.322	2024-12-09T12:47:52.314978+00:00	temperature	35.6
4891	pms5003	3917	6.698	3.322	2024-12-09T12:56:24.475234+00:00	P2	57.09
4891	pms5003	3917	6.698	3.322	2024-12-09T12:56:24.475234+00:00	P1	70.64
4891	pms5003	3917	6.698	3.322	2024-12-09T12:56:24.475234+00:00	P0	39
4892	DHT22	3917	6.698	3.322	2024-12-09T12:56:37.633846+00:00	humidity	39
4892	DHT22	3917	6.698	3.322	2024-12-09T12:56:37.633846+00:00	temperature	35.9
4891	pms5003	3917	6.698	3.322	2024-12-09T13:04:47.383177+00:00	P2	54.1
4891	pms5003	3917	6.698	3.322	2024-12-09T13:04:47.383177+00:00	P1	68.3
4891	pms5003	3917	6.698	3.322	2024-12-09T13:04:47.383177+00:00	P0	38.3
4892	DHT22	3917	6.698	3.322	2024-12-09T13:05:00.529273+00:00	humidity	37.7
4892	DHT22	3917	6.698	3.322	2024-12-09T13:05:00.529273+00:00	temperature	35.9
4891	pms5003	3917	6.698	3.322	2024-12-09T13:05:51.575253+00:00	P2	57
4891	pms5003	3917	6.698	3.322	2024-12-09T13:05:51.575253+00:00	P1	71
4891	pms5003	3917	6.698	3.322	2024-12-09T13:05:51.575253+00:00	P0	36
4892	DHT22	3917	6.698	3.322	2024-12-09T13:06:05.213334+00:00	humidity	38.8
4892	DHT22	3917	6.698	3.322	2024-12-09T13:06:05.213334+00:00	temperature	36
4891	pms5003	3917	6.698	3.322	2024-12-09T13:15:06.592833+00:00	P2	56
4891	pms5003	3917	6.698	3.322	2024-12-09T13:15:06.592833+00:00	P1	70
4891	pms5003	3917	6.698	3.322	2024-12-09T13:15:06.592833+00:00	P0	37.14
4892	DHT22	3917	6.698	3.322	2024-12-09T13:15:20.087949+00:00	humidity	39.1
4892	DHT22	3917	6.698	3.322	2024-12-09T13:15:20.087949+00:00	temperature	35.9
4891	pms5003	3917	6.698	3.322	2024-12-09T13:23:38.895169+00:00	P2	54.9
4891	pms5003	3917	6.698	3.322	2024-12-09T13:23:38.895169+00:00	P1	69.7
4891	pms5003	3917	6.698	3.322	2024-12-09T13:23:38.895169+00:00	P0	36.8
4892	DHT22	3917	6.698	3.322	2024-12-09T13:23:52.306195+00:00	humidity	39.4
4892	DHT22	3917	6.698	3.322	2024-12-09T13:23:52.306195+00:00	temperature	35.8
4891	pms5003	3917	6.698	3.322	2024-12-09T13:24:43.615333+00:00	P2	53
4891	pms5003	3917	6.698	3.322	2024-12-09T13:24:43.615333+00:00	P1	67.5
4891	pms5003	3917	6.698	3.322	2024-12-09T13:24:43.615333+00:00	P0	36.5
4891	pms5003	3917	6.698	3.322	2024-12-09T13:28:11.528635+00:00	P2	49.75
4891	pms5003	3917	6.698	3.322	2024-12-09T13:28:11.528635+00:00	P1	63.58
4891	pms5003	3917	6.698	3.322	2024-12-09T13:28:11.528635+00:00	P0	34
4892	DHT22	3917	6.698	3.322	2024-12-09T13:28:26.653730+00:00	humidity	39.9
4892	DHT22	3917	6.698	3.322	2024-12-09T13:28:26.653730+00:00	temperature	36.1
4891	pms5003	3917	6.698	3.322	2024-12-09T13:54:34.014061+00:00	P2	55.5
4891	pms5003	3917	6.698	3.322	2024-12-09T13:54:34.014061+00:00	P1	68.5
4891	pms5003	3917	6.698	3.322	2024-12-09T13:54:34.014061+00:00	P0	38.1
4892	DHT22	3917	6.698	3.322	2024-12-09T13:54:47.611520+00:00	humidity	40.4
4892	DHT22	3917	6.698	3.322	2024-12-09T13:54:47.611520+00:00	temperature	36.2
4891	pms5003	3917	6.698	3.322	2024-12-09T13:55:38.962009+00:00	P2	50
4891	pms5003	3917	6.698	3.322	2024-12-09T13:55:38.962009+00:00	P1	63
4891	pms5003	3917	6.698	3.322	2024-12-09T13:55:38.962009+00:00	P0	36
4891	pms5003	3917	6.698	3.322	2024-12-09T13:59:06.868808+00:00	P2	54
4891	pms5003	3917	6.698	3.322	2024-12-09T13:59:06.868808+00:00	P1	67.33
4891	pms5003	3917	6.698	3.322	2024-12-09T13:59:06.868808+00:00	P0	37.92
4892	DHT22	3917	6.698	3.322	2024-12-09T13:59:20.472059+00:00	humidity	40.9
4892	DHT22	3917	6.698	3.322	2024-12-09T13:59:20.472059+00:00	temperature	36.4
4891	pms5003	3917	6.698	3.322	2024-12-09T14:07:39.234830+00:00	P2	52.27
4891	pms5003	3917	6.698	3.322	2024-12-09T14:07:39.234830+00:00	P1	66.91
4891	pms5003	3917	6.698	3.322	2024-12-09T14:07:39.234830+00:00	P0	36
4892	DHT22	3917	6.698	3.322	2024-12-09T14:07:52.864388+00:00	humidity	40.2
4892	DHT22	3917	6.698	3.322	2024-12-09T14:07:52.864388+00:00	temperature	36.2
4891	pms5003	3917	6.698	3.322	2024-12-09T14:08:44.373362+00:00	P2	54
4891	pms5003	3917	6.698	3.322	2024-12-09T14:08:44.373362+00:00	P1	68.5
4891	pms5003	3917	6.698	3.322	2024-12-09T14:08:44.373362+00:00	P0	38
4891	pms5003	3917	6.698	3.322	2024-12-09T14:41:46.815474+00:00	P2	50.4
4891	pms5003	3917	6.698	3.322	2024-12-09T14:41:46.815474+00:00	P1	63.3
4891	pms5003	3917	6.698	3.322	2024-12-09T14:41:46.815474+00:00	P0	34.5
4891	pms5003	3917	6.698	3.322	2024-12-10T15:17:32.578994+00:00	P2	44.36
4891	pms5003	3917	6.698	3.322	2024-12-10T15:17:32.578994+00:00	P1	55
4891	pms5003	3917	6.698	3.322	2024-12-10T15:17:32.578994+00:00	P0	30.91
4891	pms5003	3917	6.698	3.322	2024-12-11T17:30:51.035836+00:00	P2	45.9
4891	pms5003	3917	6.698	3.322	2024-12-11T17:30:51.035836+00:00	P1	57.8
4891	pms5003	3917	6.698	3.322	2024-12-11T17:30:51.035836+00:00	P0	31.2
4892	DHT22	3917	6.698	3.322	2024-12-11T17:31:04.395727+00:00	humidity	79.2
4892	DHT22	3917	6.698	3.322	2024-12-11T17:31:04.395727+00:00	temperature	30.6
4891	pms5003	3917	6.698	3.322	2024-12-11T17:35:14.067820+00:00	P2	50
4891	pms5003	3917	6.698	3.322	2024-12-11T17:35:14.067820+00:00	P1	63.09
4891	pms5003	3917	6.698	3.322	2024-12-11T17:35:14.067820+00:00	P0	34
4892	DHT22	3917	6.698	3.322	2024-12-11T17:35:28.392524+00:00	humidity	76.1
4892	DHT22	3917	6.698	3.322	2024-12-11T17:35:28.392524+00:00	temperature	31.5
4891	pms5003	3917	6.698	3.322	2024-12-11T17:39:35.377437+00:00	P2	48.67
4891	pms5003	3917	6.698	3.322	2024-12-11T17:39:35.377437+00:00	P1	60.33
4891	pms5003	3917	6.698	3.322	2024-12-11T17:39:35.377437+00:00	P0	33.33
4892	DHT22	3917	6.698	3.322	2024-12-11T17:39:49.378029+00:00	humidity	75.3
4892	DHT22	3917	6.698	3.322	2024-12-11T17:39:49.378029+00:00	temperature	31.7
4891	pms5003	3917	6.698	3.322	2024-12-11T17:43:55.589134+00:00	P2	52.6
4891	pms5003	3917	6.698	3.322	2024-12-11T17:43:55.589134+00:00	P1	66.33
4891	pms5003	3917	6.698	3.322	2024-12-11T17:43:55.589134+00:00	P0	35.73
4892	DHT22	3917	6.698	3.322	2024-12-11T17:44:09.279778+00:00	humidity	74.8
4892	DHT22	3917	6.698	3.322	2024-12-11T17:44:09.279778+00:00	temperature	31.8
4891	pms5003	3917	6.698	3.322	2024-12-11T17:45:01.670443+00:00	P2	51.25
4891	pms5003	3917	6.698	3.322	2024-12-11T17:45:01.670443+00:00	P1	66.25
4891	pms5003	3917	6.698	3.322	2024-12-11T17:45:01.670443+00:00	P0	34.25
4892	DHT22	3917	6.698	3.322	2024-12-11T17:45:15.346411+00:00	humidity	74.9
4892	DHT22	3917	6.698	3.322	2024-12-11T17:45:15.346411+00:00	temperature	31.8
4891	pms5003	3917	6.698	3.322	2024-12-11T17:49:21.570544+00:00	P2	53.62
4891	pms5003	3917	6.698	3.322	2024-12-11T17:49:21.570544+00:00	P1	67.31
4891	pms5003	3917	6.698	3.322	2024-12-11T17:49:21.570544+00:00	P0	37.23
4892	DHT22	3917	6.698	3.322	2024-12-11T17:49:35.276570+00:00	humidity	75
4892	DHT22	3917	6.698	3.322	2024-12-11T17:49:35.276570+00:00	temperature	31.8
4891	pms5003	3917	6.698	3.322	2024-12-11T18:53:10.308596+00:00	P2	41.42
4891	pms5003	3917	6.698	3.322	2024-12-11T18:53:10.308596+00:00	P1	51.5
4891	pms5003	3917	6.698	3.322	2024-12-11T18:53:10.308596+00:00	P0	28.17
4891	pms5003	3917	6.698	3.322	2024-12-11T19:26:02.841541+00:00	P2	41.91
4891	pms5003	3917	6.698	3.322	2024-12-11T19:26:02.841541+00:00	P1	49.82
4891	pms5003	3917	6.698	3.322	2024-12-11T19:26:02.841541+00:00	P0	28.73
4891	pms5003	3917	6.698	3.322	2024-12-12T19:13:04.451407+00:00	P2	39.91
4891	pms5003	3917	6.698	3.322	2024-12-12T19:13:04.451407+00:00	P1	48.73
4891	pms5003	3917	6.698	3.322	2024-12-12T19:13:04.451407+00:00	P0	27.27
4891	pms5003	3917	6.698	3.322	2024-12-12T19:16:07.787095+00:00	P2	39.7
4891	pms5003	3917	6.698	3.322	2024-12-12T19:16:07.787095+00:00	P1	49.2
4891	pms5003	3917	6.698	3.322	2024-12-12T19:16:07.787095+00:00	P0	27.1
4891	pms5003	3917	6.698	3.322	2024-12-12T19:21:19.648238+00:00	P2	37.89
4891	pms5003	3917	6.698	3.322	2024-12-12T19:21:19.648238+00:00	P1	46.78
4891	pms5003	3917	6.698	3.322	2024-12-12T19:21:19.648238+00:00	P0	26.22
4892	DHT22	3917	6.698	3.322	2024-12-12T19:21:44.148158+00:00	humidity	78.3
4892	DHT22	3917	6.698	3.322	2024-12-12T19:21:44.148158+00:00	temperature	30.8
4891	pms5003	3917	6.698	3.322	2024-12-12T19:25:19.726952+00:00	P2	38.2
4891	pms5003	3917	6.698	3.322	2024-12-12T19:25:19.726952+00:00	P1	46.47
4891	pms5003	3917	6.698	3.322	2024-12-12T19:25:19.726952+00:00	P0	26
4892	DHT22	3917	6.698	3.322	2024-12-12T19:25:35.956382+00:00	humidity	79.1
4892	DHT22	3917	6.698	3.322	2024-12-12T19:25:35.956382+00:00	temperature	30.7
4891	pms5003	3917	6.698	3.322	2024-12-12T19:26:29.055841+00:00	P2	36.33
4891	pms5003	3917	6.698	3.322	2024-12-12T19:26:29.055841+00:00	P1	45
4891	pms5003	3917	6.698	3.322	2024-12-12T19:26:29.055841+00:00	P0	25
4892	DHT22	3917	6.698	3.322	2024-12-12T19:26:42.537875+00:00	humidity	79.6
4892	DHT22	3917	6.698	3.322	2024-12-12T19:26:42.537875+00:00	temperature	30.6
4891	pms5003	3917	6.698	3.322	2024-12-12T19:31:03.465233+00:00	P2	41.83
4891	pms5003	3917	6.698	3.322	2024-12-12T19:31:03.465233+00:00	P1	51.25
4891	pms5003	3917	6.698	3.322	2024-12-12T19:31:03.465233+00:00	P0	28.25
4891	pms5003	3917	6.698	3.322	2024-12-12T19:34:31.656917+00:00	P2	40.75
4891	pms5003	3917	6.698	3.322	2024-12-12T19:34:31.656917+00:00	P1	49.83
4891	pms5003	3917	6.698	3.322	2024-12-12T19:34:31.656917+00:00	P0	27.83
4892	DHT22	3917	6.698	3.322	2024-12-12T19:34:45.218825+00:00	humidity	79.9
4892	DHT22	3917	6.698	3.322	2024-12-12T19:34:45.218825+00:00	temperature	30.6
4891	pms5003	3917	6.698	3.322	2024-12-12T19:35:37.572013+00:00	P2	40.33
4891	pms5003	3917	6.698	3.322	2024-12-12T19:35:37.572013+00:00	P1	49
4891	pms5003	3917	6.698	3.322	2024-12-12T19:35:37.572013+00:00	P0	28
4891	pms5003	3917	6.698	3.322	2024-12-12T19:39:05.687980+00:00	P2	39.92
4891	pms5003	3917	6.698	3.322	2024-12-12T19:39:05.687980+00:00	P1	48.69
4891	pms5003	3917	6.698	3.322	2024-12-12T19:39:05.687980+00:00	P0	27.38
4892	DHT22	3917	6.698	3.322	2024-12-12T19:39:19.080130+00:00	humidity	80.3
4892	DHT22	3917	6.698	3.322	2024-12-12T19:39:19.080130+00:00	temperature	30.5
4891	pms5003	3917	6.698	3.322	2024-12-13T14:04:47.808522+00:00	P2	52.18
4891	pms5003	3917	6.698	3.322	2024-12-13T14:04:47.808522+00:00	P1	65.09
4891	pms5003	3917	6.698	3.322	2024-12-13T14:04:47.808522+00:00	P0	35.91
4891	pms5003	3917	6.698	3.322	2024-12-13T14:14:38.045117+00:00	P2	57.31
4891	pms5003	3917	6.698	3.322	2024-12-13T14:14:38.045117+00:00	P1	69.46
4891	pms5003	3917	6.698	3.322	2024-12-13T14:14:38.045117+00:00	P0	39.85
4892	DHT22	3917	6.698	3.322	2024-12-13T14:14:51.411596+00:00	humidity	58.6
4892	DHT22	3917	6.698	3.322	2024-12-13T14:14:51.411596+00:00	temperature	36.1
4891	pms5003	3917	6.698	3.322	2024-12-13T14:15:47.166918+00:00	P2	51.33
4891	pms5003	3917	6.698	3.322	2024-12-13T14:15:47.166918+00:00	P1	65
4891	pms5003	3917	6.698	3.322	2024-12-13T14:15:47.166918+00:00	P0	35
4891	pms5003	3917	6.698	3.322	2024-12-13T14:24:17.522560+00:00	P2	54.67
4891	pms5003	3917	6.698	3.322	2024-12-13T14:24:17.522560+00:00	P1	68.17
4891	pms5003	3917	6.698	3.322	2024-12-13T14:24:17.522560+00:00	P0	38.17
4892	DHT22	3917	6.698	3.322	2024-12-13T14:24:30.846082+00:00	humidity	56.1
4892	DHT22	3917	6.698	3.322	2024-12-13T14:24:30.846082+00:00	temperature	36.6
4891	pms5003	3917	6.698	3.322	2024-12-13T14:25:22.069867+00:00	P2	53
4891	pms5003	3917	6.698	3.322	2024-12-13T14:25:22.069867+00:00	P1	67
4891	pms5003	3917	6.698	3.322	2024-12-13T14:25:22.069867+00:00	P0	37
4892	DHT22	3917	6.698	3.322	2024-12-13T14:25:35.599432+00:00	humidity	55.9
4892	DHT22	3917	6.698	3.322	2024-12-13T14:25:35.599432+00:00	temperature	36.8
4891	pms5003	3917	6.698	3.322	2024-12-13T14:33:47.766584+00:00	P2	55
4891	pms5003	3917	6.698	3.322	2024-12-13T14:33:47.766584+00:00	P1	68.64
4891	pms5003	3917	6.698	3.322	2024-12-13T14:33:47.766584+00:00	P0	38.36
4892	DHT22	3917	6.698	3.322	2024-12-13T14:34:03.462752+00:00	humidity	56.3
4892	DHT22	3917	6.698	3.322	2024-12-13T14:34:03.462752+00:00	temperature	36.8
4891	pms5003	3917	6.698	3.322	2024-12-13T15:00:50.111855+00:00	P2	46.3
4891	pms5003	3917	6.698	3.322	2024-12-13T15:00:50.111855+00:00	P1	57
4891	pms5003	3917	6.698	3.322	2024-12-13T15:00:50.111855+00:00	P0	31.7
4892	DHT22	3917	6.698	3.322	2024-12-13T15:01:03.414169+00:00	humidity	56.7
4892	DHT22	3917	6.698	3.322	2024-12-13T15:01:03.414169+00:00	temperature	35.2
4891	pms5003	3917	6.698	3.322	2024-12-13T15:01:54.613595+00:00	P2	43.67
4891	pms5003	3917	6.698	3.322	2024-12-13T15:01:54.613595+00:00	P1	55.33
4891	pms5003	3917	6.698	3.322	2024-12-13T15:01:54.613595+00:00	P0	29.67
4892	DHT22	3917	6.698	3.322	2024-12-13T15:02:07.910009+00:00	humidity	57.1
4892	DHT22	3917	6.698	3.322	2024-12-13T15:02:07.910009+00:00	temperature	35.3
4891	pms5003	3917	6.698	3.322	2024-12-13T15:06:13.800021+00:00	P2	47.45
4891	pms5003	3917	6.698	3.322	2024-12-13T15:06:13.800021+00:00	P1	58.64
4891	pms5003	3917	6.698	3.322	2024-12-13T15:06:13.800021+00:00	P0	31.64
4891	pms5003	3917	6.698	3.322	2024-12-14T15:22:00.109422+00:00	P2	52.13
4891	pms5003	3917	6.698	3.322	2024-12-14T15:22:00.109422+00:00	P1	67.12
4891	pms5003	3917	6.698	3.322	2024-12-14T15:22:00.109422+00:00	P0	34.75
4891	pms5003	3917	6.698	3.322	2024-12-15T17:35:06.490265+00:00	P2	51.23
4891	pms5003	3917	6.698	3.322	2024-12-15T17:35:06.490265+00:00	P1	65.08
4891	pms5003	3917	6.698	3.322	2024-12-15T17:35:06.490265+00:00	P0	34.62
4891	pms5003	3917	6.698	3.322	2024-12-15T17:38:22.268784+00:00	P2	51
4891	pms5003	3917	6.698	3.322	2024-12-15T17:38:22.268784+00:00	P1	63.5
4891	pms5003	3917	6.698	3.322	2024-12-15T17:38:22.268784+00:00	P0	34.33
4892	DHT22	3917	6.698	3.322	2024-12-15T17:38:37.509882+00:00	humidity	71.3
4892	DHT22	3917	6.698	3.322	2024-12-15T17:38:37.509882+00:00	temperature	31.5
4891	pms5003	3917	6.698	3.322	2024-12-15T17:42:06.173449+00:00	P2	51
4891	pms5003	3917	6.698	3.322	2024-12-15T17:42:06.173449+00:00	P1	65.1
4891	pms5003	3917	6.698	3.322	2024-12-15T17:42:06.173449+00:00	P0	34.3
4892	DHT22	3917	6.698	3.322	2024-12-15T17:42:27.231651+00:00	humidity	69.1
4892	DHT22	3917	6.698	3.322	2024-12-15T17:42:27.231651+00:00	temperature	32.4
4891	pms5003	3917	6.698	3.322	2024-12-15T17:45:50.987538+00:00	P2	51.85
4891	pms5003	3917	6.698	3.322	2024-12-15T17:45:50.987538+00:00	P1	64.77
4891	pms5003	3917	6.698	3.322	2024-12-15T17:45:50.987538+00:00	P0	34.54
4891	pms5003	3917	6.698	3.322	2024-12-15T17:49:28.192786+00:00	P2	51.6
4891	pms5003	3917	6.698	3.322	2024-12-15T17:49:28.192786+00:00	P1	64.1
4891	pms5003	3917	6.698	3.322	2024-12-15T17:49:28.192786+00:00	P0	34.8
4891	pms5003	3917	6.698	3.322	2024-12-15T17:53:02.372245+00:00	P2	53.25
4891	pms5003	3917	6.698	3.322	2024-12-15T17:53:02.372245+00:00	P1	65.37
4891	pms5003	3917	6.698	3.322	2024-12-15T17:53:02.372245+00:00	P0	36.63
4891	pms5003	3917	6.698	3.322	2024-12-15T17:59:43.806446+00:00	P2	52.9
4891	pms5003	3917	6.698	3.322	2024-12-15T17:59:43.806446+00:00	P1	66.1
4891	pms5003	3917	6.698	3.322	2024-12-15T17:59:43.806446+00:00	P0	36.2
4891	pms5003	3917	6.698	3.322	2024-12-15T18:03:18.008419+00:00	P2	51.5
4891	pms5003	3917	6.698	3.322	2024-12-15T18:03:18.008419+00:00	P1	63.8
4891	pms5003	3917	6.698	3.322	2024-12-15T18:03:18.008419+00:00	P0	34.2
4891	pms5003	3917	6.698	3.322	2024-12-15T18:07:33.773632+00:00	P2	52.6
4891	pms5003	3917	6.698	3.322	2024-12-15T18:07:33.773632+00:00	P1	66.5
4891	pms5003	3917	6.698	3.322	2024-12-15T18:07:33.773632+00:00	P0	35.6
4891	pms5003	3917	6.698	3.322	2024-12-15T18:11:04.691381+00:00	P2	50.91
4891	pms5003	3917	6.698	3.322	2024-12-15T18:11:04.691381+00:00	P1	63.45
4891	pms5003	3917	6.698	3.322	2024-12-15T18:11:04.691381+00:00	P0	34.09
4891	pms5003	3917	6.698	3.322	2024-12-15T18:14:24.955663+00:00	P2	52.38
4891	pms5003	3917	6.698	3.322	2024-12-15T18:14:24.955663+00:00	P1	66.23
4891	pms5003	3917	6.698	3.322	2024-12-15T18:14:24.955663+00:00	P0	34.54
4892	DHT22	3917	6.698	3.322	2024-12-15T18:14:52.754285+00:00	humidity	69.3
4892	DHT22	3917	6.698	3.322	2024-12-15T18:14:52.754285+00:00	temperature	32.5
4891	pms5003	3917	6.698	3.322	2024-12-15T18:18:35.914152+00:00	P2	51.21
4891	pms5003	3917	6.698	3.322	2024-12-15T18:18:35.914152+00:00	P1	62.64
4891	pms5003	3917	6.698	3.322	2024-12-15T18:18:35.914152+00:00	P0	34.5
4891	pms5003	3917	6.698	3.322	2024-12-15T18:22:29.193800+00:00	P2	50.25
4891	pms5003	3917	6.698	3.322	2024-12-15T18:22:29.193800+00:00	P1	62.75
4891	pms5003	3917	6.698	3.322	2024-12-15T18:22:29.193800+00:00	P0	34.25
4891	pms5003	3917	6.698	3.322	2024-12-15T18:26:34.875693+00:00	P2	51.88
4891	pms5003	3917	6.698	3.322	2024-12-15T18:26:34.875693+00:00	P1	65
4891	pms5003	3917	6.698	3.322	2024-12-15T18:26:34.875693+00:00	P0	35
4891	pms5003	3917	6.698	3.322	2024-12-15T18:31:28.429300+00:00	P2	51.73
4891	pms5003	3917	6.698	3.322	2024-12-15T18:31:28.429300+00:00	P1	66.36
4891	pms5003	3917	6.698	3.322	2024-12-15T18:31:28.429300+00:00	P0	35.09
4891	pms5003	3917	6.698	3.322	2024-12-15T18:43:17.320593+00:00	P2	75.37
4891	pms5003	3917	6.698	3.322	2024-12-15T18:43:17.320593+00:00	P1	81.75
4891	pms5003	3917	6.698	3.322	2024-12-15T18:43:17.320593+00:00	P0	51.37
4892	DHT22	3917	6.698	3.322	2024-12-15T18:43:36.972297+00:00	humidity	74.1
4892	DHT22	3917	6.698	3.322	2024-12-15T18:43:36.972297+00:00	temperature	31.4
4891	pms5003	3917	6.698	3.322	2024-12-15T18:47:15.115503+00:00	P2	89.6
4891	pms5003	3917	6.698	3.322	2024-12-15T18:47:15.115503+00:00	P1	98.9
4891	pms5003	3917	6.698	3.322	2024-12-15T18:47:15.115503+00:00	P0	59.3
4891	pms5003	3917	6.698	3.322	2024-12-15T18:52:31.501451+00:00	P2	68.8
4891	pms5003	3917	6.698	3.322	2024-12-15T18:52:31.501451+00:00	P1	77.1
4891	pms5003	3917	6.698	3.322	2024-12-15T18:52:31.501451+00:00	P0	47.4
4891	pms5003	3917	6.698	3.322	2024-12-15T18:59:33.593384+00:00	P2	61.37
4891	pms5003	3917	6.698	3.322	2024-12-15T18:59:33.593384+00:00	P1	72.62
4891	pms5003	3917	6.698	3.322	2024-12-15T18:59:33.593384+00:00	P0	42.13
4891	pms5003	3917	6.698	3.322	2024-12-15T19:03:15.226730+00:00	P2	63.83
4891	pms5003	3917	6.698	3.322	2024-12-15T19:03:15.226730+00:00	P1	73.75
4891	pms5003	3917	6.698	3.322	2024-12-15T19:03:15.226730+00:00	P0	43.83
4891	pms5003	3917	6.698	3.322	2024-12-15T19:06:38.894633+00:00	P2	59.5
4891	pms5003	3917	6.698	3.322	2024-12-15T19:06:38.894633+00:00	P1	72.3
4891	pms5003	3917	6.698	3.322	2024-12-15T19:06:38.894633+00:00	P0	39.9
4891	pms5003	3917	6.698	3.322	2024-12-15T19:10:23.471514+00:00	P2	57.83
4891	pms5003	3917	6.698	3.322	2024-12-15T19:10:23.471514+00:00	P1	70.33
4891	pms5003	3917	6.698	3.322	2024-12-15T19:10:23.471514+00:00	P0	39.58
4891	pms5003	3917	6.698	3.322	2024-12-15T19:14:15.164293+00:00	P2	57.58
4891	pms5003	3917	6.698	3.322	2024-12-15T19:14:15.164293+00:00	P1	69.42
4891	pms5003	3917	6.698	3.322	2024-12-15T19:14:15.164293+00:00	P0	39.33
4891	pms5003	3917	6.698	3.322	2024-12-15T19:17:35.152117+00:00	P2	56.9
4891	pms5003	3917	6.698	3.322	2024-12-15T19:17:35.152117+00:00	P1	69.9
4891	pms5003	3917	6.698	3.322	2024-12-15T19:17:35.152117+00:00	P0	38.8
4891	pms5003	3917	6.698	3.322	2024-12-15T19:21:56.125582+00:00	P2	69.25
4891	pms5003	3917	6.698	3.322	2024-12-15T19:21:56.125582+00:00	P1	77.17
4891	pms5003	3917	6.698	3.322	2024-12-15T19:21:56.125582+00:00	P0	47.5
4891	pms5003	3917	6.698	3.322	2024-12-15T19:25:25.091050+00:00	P2	61.5
4891	pms5003	3917	6.698	3.322	2024-12-15T19:25:25.091050+00:00	P1	73.33
4891	pms5003	3917	6.698	3.322	2024-12-15T19:25:25.091050+00:00	P0	42.5
4891	pms5003	3917	6.698	3.322	2024-12-15T19:28:46.452868+00:00	P2	69.92
4891	pms5003	3917	6.698	3.322	2024-12-15T19:28:46.452868+00:00	P1	80.08
4891	pms5003	3917	6.698	3.322	2024-12-15T19:28:46.452868+00:00	P0	47.23
4892	DHT22	3917	6.698	3.322	2024-12-15T19:29:07.532708+00:00	humidity	76.8
4892	DHT22	3917	6.698	3.322	2024-12-15T19:29:07.532708+00:00	temperature	30.9
4891	pms5003	3917	6.698	3.322	2024-12-15T19:33:16.929343+00:00	P2	60.4
4891	pms5003	3917	6.698	3.322	2024-12-15T19:33:16.929343+00:00	P1	72.47
4891	pms5003	3917	6.698	3.322	2024-12-15T19:33:16.929343+00:00	P0	41.6
4891	pms5003	3917	6.698	3.322	2024-12-15T19:38:02.658061+00:00	P2	53
4891	pms5003	3917	6.698	3.322	2024-12-15T19:38:02.658061+00:00	P1	66.4
4891	pms5003	3917	6.698	3.322	2024-12-15T19:38:02.658061+00:00	P0	37
4891	pms5003	3917	6.698	3.322	2024-12-15T19:41:26.629933+00:00	P2	54.73
4891	pms5003	3917	6.698	3.322	2024-12-15T19:41:26.629933+00:00	P1	69.18
4891	pms5003	3917	6.698	3.322	2024-12-15T19:41:26.629933+00:00	P0	38.18
4892	DHT22	3917	6.698	3.322	2024-12-15T19:41:44.074775+00:00	humidity	77.8
4892	DHT22	3917	6.698	3.322	2024-12-15T19:41:44.074775+00:00	temperature	30.7
4891	pms5003	3917	6.698	3.322	2024-12-15T19:45:36.050071+00:00	P2	58.23
4891	pms5003	3917	6.698	3.322	2024-12-15T19:45:36.050071+00:00	P1	70.54
4891	pms5003	3917	6.698	3.322	2024-12-15T19:45:36.050071+00:00	P0	38.92
4891	pms5003	3917	6.698	3.322	2024-12-15T19:49:35.693533+00:00	P2	58
4891	pms5003	3917	6.698	3.322	2024-12-15T19:49:35.693533+00:00	P1	70.4
4891	pms5003	3917	6.698	3.322	2024-12-15T19:49:35.693533+00:00	P0	39.5
4891	pms5003	3917	6.698	3.322	2024-12-15T19:54:57.073347+00:00	P2	54.08
4891	pms5003	3917	6.698	3.322	2024-12-15T19:54:57.073347+00:00	P1	68
4891	pms5003	3917	6.698	3.322	2024-12-15T19:54:57.073347+00:00	P0	36.54
4891	pms5003	3917	6.698	3.322	2024-12-15T19:58:44.513626+00:00	P2	50
4891	pms5003	3917	6.698	3.322	2024-12-15T19:58:44.513626+00:00	P1	62.75
4891	pms5003	3917	6.698	3.322	2024-12-15T19:58:44.513626+00:00	P0	34
4891	pms5003	3917	6.698	3.322	2024-12-15T20:02:18.139267+00:00	P2	62.08
4891	pms5003	3917	6.698	3.322	2024-12-15T20:02:18.139267+00:00	P1	71.67
4891	pms5003	3917	6.698	3.322	2024-12-15T20:02:18.139267+00:00	P0	44.42
4891	pms5003	3917	6.698	3.322	2024-12-15T20:05:41.794452+00:00	P2	61.55
4891	pms5003	3917	6.698	3.322	2024-12-15T20:05:41.794452+00:00	P1	74.27
4891	pms5003	3917	6.698	3.322	2024-12-15T20:05:41.794452+00:00	P0	41.64
4891	pms5003	3917	6.698	3.322	2024-12-16T17:56:23.058507+00:00	P2	59.1
4891	pms5003	3917	6.698	3.322	2024-12-16T17:56:23.058507+00:00	P1	70.7
4891	pms5003	3917	6.698	3.322	2024-12-16T17:56:23.058507+00:00	P0	41.2
4891	pms5003	3917	6.698	3.322	2024-12-17T09:09:00.216411+00:00	P2	55.92
4891	pms5003	3917	6.698	3.322	2024-12-17T09:09:00.216411+00:00	P1	70.58
4891	pms5003	3917	6.698	3.322	2024-12-17T09:09:00.216411+00:00	P0	38
4891	pms5003	3917	6.698	3.322	2024-12-17T10:37:38.947523+00:00	P2	47.08
4891	pms5003	3917	6.698	3.322	2024-12-17T10:37:38.947523+00:00	P1	61.67
4891	pms5003	3917	6.698	3.322	2024-12-17T10:37:38.947523+00:00	P0	32.08
4891	pms5003	3917	6.698	3.322	2024-12-17T10:50:44.282723+00:00	P2	48.18
4891	pms5003	3917	6.698	3.322	2024-12-17T10:50:44.282723+00:00	P1	61.91
4891	pms5003	3917	6.698	3.322	2024-12-17T10:50:44.282723+00:00	P0	31.73
4891	pms5003	3917	6.698	3.322	2024-12-17T11:17:15.353439+00:00	P2	48.14
4891	pms5003	3917	6.698	3.322	2024-12-17T11:17:15.353439+00:00	P1	64.5
4891	pms5003	3917	6.698	3.322	2024-12-17T11:17:15.353439+00:00	P0	31.93
4892	DHT22	3917	6.698	3.322	2024-12-17T11:17:29.151668+00:00	humidity	53.1
4892	DHT22	3917	6.698	3.322	2024-12-17T11:17:29.151668+00:00	temperature	36.3
4891	pms5003	3917	6.698	3.322	2024-12-17T12:50:13.627119+00:00	P2	51.45
4891	pms5003	3917	6.698	3.322	2024-12-17T12:50:13.627119+00:00	P1	68.09
4891	pms5003	3917	6.698	3.322	2024-12-17T12:50:13.627119+00:00	P0	33.18
4891	pms5003	3917	6.698	3.322	2024-12-17T13:13:38.703520+00:00	P2	53.33
4891	pms5003	3917	6.698	3.322	2024-12-17T13:13:38.703520+00:00	P1	69.25
4891	pms5003	3917	6.698	3.322	2024-12-17T13:13:38.703520+00:00	P0	34.83
4891	pms5003	3917	6.698	3.322	2024-12-17T13:21:48.608492+00:00	P2	57
4891	pms5003	3917	6.698	3.322	2024-12-17T13:21:48.608492+00:00	P1	71.11
4891	pms5003	3917	6.698	3.322	2024-12-17T13:21:48.608492+00:00	P0	37.67
4891	pms5003	3917	6.698	3.322	2024-12-17T13:30:00.215209+00:00	P2	47.38
4891	pms5003	3917	6.698	3.322	2024-12-17T13:30:00.215209+00:00	P1	62.38
4891	pms5003	3917	6.698	3.322	2024-12-17T13:30:00.215209+00:00	P0	30.88
4892	DHT22	3917	6.698	3.322	2024-12-17T13:30:13.564301+00:00	humidity	42
4892	DHT22	3917	6.698	3.322	2024-12-17T13:30:13.564301+00:00	temperature	38.2
4891	pms5003	3917	6.698	3.322	2024-12-17T13:38:38.104911+00:00	P2	47.08
4891	pms5003	3917	6.698	3.322	2024-12-17T13:38:38.104911+00:00	P1	63.69
4891	pms5003	3917	6.698	3.322	2024-12-17T13:38:38.104911+00:00	P0	29.92
4891	pms5003	3917	6.698	3.322	2024-12-17T13:46:47.704942+00:00	P2	48.09
4891	pms5003	3917	6.698	3.322	2024-12-17T13:46:47.704942+00:00	P1	63.09
4891	pms5003	3917	6.698	3.322	2024-12-17T13:46:47.704942+00:00	P0	31
4892	DHT22	3917	6.698	3.322	2024-12-17T13:47:01.055009+00:00	humidity	43.8
4892	DHT22	3917	6.698	3.322	2024-12-17T13:47:01.055009+00:00	temperature	37.1
4891	pms5003	3917	6.698	3.322	2024-12-17T13:47:52.206646+00:00	P2	49.75
4891	pms5003	3917	6.698	3.322	2024-12-17T13:47:52.206646+00:00	P1	65.75
4891	pms5003	3917	6.698	3.322	2024-12-17T13:47:52.206646+00:00	P0	31
4891	pms5003	3917	6.698	3.322	2024-12-17T13:56:09.249091+00:00	P2	48.6
4891	pms5003	3917	6.698	3.322	2024-12-17T13:56:09.249091+00:00	P1	64.7
4891	pms5003	3917	6.698	3.322	2024-12-17T13:56:09.249091+00:00	P0	30.6
4891	pms5003	3917	6.698	3.322	2024-12-17T14:04:27.784524+00:00	P2	48.45
4891	pms5003	3917	6.698	3.322	2024-12-17T14:04:27.784524+00:00	P1	63.36
4891	pms5003	3917	6.698	3.322	2024-12-17T14:04:27.784524+00:00	P0	31.36
4891	pms5003	3917	6.698	3.322	2024-12-17T14:12:37.936833+00:00	P2	49.73
4891	pms5003	3917	6.698	3.322	2024-12-17T14:12:37.936833+00:00	P1	65.91
4891	pms5003	3917	6.698	3.322	2024-12-17T14:12:37.936833+00:00	P0	32.09
4892	DHT22	3917	6.698	3.322	2024-12-17T14:12:51.249639+00:00	humidity	42.6
4892	DHT22	3917	6.698	3.322	2024-12-17T14:12:51.249639+00:00	temperature	37
4891	pms5003	3917	6.698	3.322	2024-12-17T14:13:45.174336+00:00	P2	49.6
4891	pms5003	3917	6.698	3.322	2024-12-17T14:13:45.174336+00:00	P1	66.6
4891	pms5003	3917	6.698	3.322	2024-12-17T14:13:45.174336+00:00	P0	31.6
4892	DHT22	3917	6.698	3.322	2024-12-17T14:13:58.457982+00:00	humidity	42.6
4892	DHT22	3917	6.698	3.322	2024-12-17T14:13:58.457982+00:00	temperature	37
4891	pms5003	3917	6.698	3.322	2024-12-17T14:14:49.390592+00:00	P2	48
4891	pms5003	3917	6.698	3.322	2024-12-17T14:14:49.390592+00:00	P1	66
4891	pms5003	3917	6.698	3.322	2024-12-17T14:14:49.390592+00:00	P0	32
4892	DHT22	3917	6.698	3.322	2024-12-17T14:15:02.722725+00:00	humidity	42.4
4892	DHT22	3917	6.698	3.322	2024-12-17T14:15:02.722725+00:00	temperature	37.1
4891	pms5003	3917	6.698	3.322	2024-12-17T14:23:13.128300+00:00	P2	48.17
4891	pms5003	3917	6.698	3.322	2024-12-17T14:23:13.128300+00:00	P1	63.58
4891	pms5003	3917	6.698	3.322	2024-12-17T14:23:13.128300+00:00	P0	31.17
4892	DHT22	3917	6.698	3.322	2024-12-17T14:23:26.405184+00:00	humidity	41.9
4892	DHT22	3917	6.698	3.322	2024-12-17T14:23:26.405184+00:00	temperature	37.3
4891	pms5003	3917	6.698	3.322	2024-12-17T14:31:49.068807+00:00	P2	49.77
4891	pms5003	3917	6.698	3.322	2024-12-17T14:31:49.068807+00:00	P1	64.38
4891	pms5003	3917	6.698	3.322	2024-12-17T14:31:49.068807+00:00	P0	32.85
4891	pms5003	3917	6.698	3.322	2024-12-17T14:39:58.910047+00:00	P2	46.64
4891	pms5003	3917	6.698	3.322	2024-12-17T14:39:58.910047+00:00	P1	61.64
4891	pms5003	3917	6.698	3.322	2024-12-17T14:39:58.910047+00:00	P0	29.73
4891	pms5003	3917	6.698	3.322	2024-12-17T14:48:10.309636+00:00	P2	48.75
4891	pms5003	3917	6.698	3.322	2024-12-17T14:48:10.309636+00:00	P1	62.5
4891	pms5003	3917	6.698	3.322	2024-12-17T14:48:10.309636+00:00	P0	31.25
4891	pms5003	3917	6.698	3.322	2024-12-17T14:56:20.797798+00:00	P2	49.25
4891	pms5003	3917	6.698	3.322	2024-12-17T14:56:20.797798+00:00	P1	65
4891	pms5003	3917	6.698	3.322	2024-12-17T14:56:20.797798+00:00	P0	31.25
4891	pms5003	3917	6.698	3.322	2024-12-17T15:04:31.067068+00:00	P2	50.07
4891	pms5003	3917	6.698	3.322	2024-12-17T15:04:31.067068+00:00	P1	66.36
4891	pms5003	3917	6.698	3.322	2024-12-17T15:04:31.067068+00:00	P0	32.57
4891	pms5003	3917	6.698	3.322	2024-12-20T14:25:42.062931+00:00	P2	58.92
4891	pms5003	3917	6.698	3.322	2024-12-20T14:25:42.062931+00:00	P1	70.15
4891	pms5003	3917	6.698	3.322	2024-12-20T14:25:42.062931+00:00	P0	42.77
4891	pms5003	3917	6.698	3.322	2024-12-20T14:39:05.184414+00:00	P2	53.89
4891	pms5003	3917	6.698	3.322	2024-12-20T14:39:05.184414+00:00	P1	68.33
4891	pms5003	3917	6.698	3.322	2024-12-20T14:39:05.184414+00:00	P0	39.56
4891	pms5003	3917	6.698	3.322	2024-12-20T17:23:46.884535+00:00	P2	74.77
4891	pms5003	3917	6.698	3.322	2024-12-20T17:23:46.884535+00:00	P1	81.62
4891	pms5003	3917	6.698	3.322	2024-12-20T17:23:46.884535+00:00	P0	53.92
4891	pms5003	3917	6.698	3.322	2024-12-20T17:30:32.218631+00:00	P2	79.91
4891	pms5003	3917	6.698	3.322	2024-12-20T17:30:32.218631+00:00	P1	88.91
4891	pms5003	3917	6.698	3.322	2024-12-20T17:30:32.218631+00:00	P0	56.45
4892	DHT22	3917	6.698	3.322	2024-12-20T17:31:16.850264+00:00	humidity	36.8
4892	DHT22	3917	6.698	3.322	2024-12-20T17:31:16.850264+00:00	temperature	31.5
4891	pms5003	3917	6.698	3.322	2024-12-21T08:33:19.452739+00:00	P2	48.2
4891	pms5003	3917	6.698	3.322	2024-12-21T08:33:19.452739+00:00	P1	68
4891	pms5003	3917	6.698	3.322	2024-12-21T08:33:19.452739+00:00	P0	28.1
4891	pms5003	3917	6.698	3.322	2024-12-21T09:04:51.792423+00:00	P2	45.69
4891	pms5003	3917	6.698	3.322	2024-12-21T09:04:51.792423+00:00	P1	62
4891	pms5003	3917	6.698	3.322	2024-12-21T09:04:51.792423+00:00	P0	27.15
4891	pms5003	3917	6.698	3.322	2024-12-21T09:13:01.342855+00:00	P2	47.36
4891	pms5003	3917	6.698	3.322	2024-12-21T09:13:01.342855+00:00	P1	66.82
4891	pms5003	3917	6.698	3.322	2024-12-21T09:13:01.342855+00:00	P0	28.45
4892	DHT22	3917	6.698	3.322	2024-12-21T09:13:15.057168+00:00	humidity	40.1
4892	DHT22	3917	6.698	3.322	2024-12-21T09:13:15.057168+00:00	temperature	27.3
4891	pms5003	3917	6.698	3.322	2024-12-21T09:21:25.509609+00:00	P2	46
4891	pms5003	3917	6.698	3.322	2024-12-21T09:21:25.509609+00:00	P1	64.2
4891	pms5003	3917	6.698	3.322	2024-12-21T09:21:25.509609+00:00	P0	27.3
4892	DHT22	3917	6.698	3.322	2024-12-21T09:21:41.407926+00:00	humidity	39.8
4892	DHT22	3917	6.698	3.322	2024-12-21T09:21:41.407926+00:00	temperature	27.9
4891	pms5003	3917	6.698	3.322	2024-12-21T09:35:17.338858+00:00	P2	46.11
4891	pms5003	3917	6.698	3.322	2024-12-21T09:35:17.338858+00:00	P1	63.44
4891	pms5003	3917	6.698	3.322	2024-12-21T09:35:17.338858+00:00	P0	26.89
4891	pms5003	3917	6.698	3.322	2024-12-21T10:02:52.572841+00:00	P2	44
4891	pms5003	3917	6.698	3.322	2024-12-21T10:02:52.572841+00:00	P1	61.5
4891	pms5003	3917	6.698	3.322	2024-12-21T10:02:52.572841+00:00	P0	25.62
4892	DHT22	3917	6.698	3.322	2024-12-21T10:03:09.723882+00:00	humidity	38.3
4892	DHT22	3917	6.698	3.322	2024-12-21T10:03:09.723882+00:00	temperature	30.3
4891	pms5003	3917	6.698	3.322	2024-12-21T10:28:25.928618+00:00	P2	45.3
4891	pms5003	3917	6.698	3.322	2024-12-21T10:28:25.928618+00:00	P1	62.9
4891	pms5003	3917	6.698	3.322	2024-12-21T10:28:25.928618+00:00	P0	27.7
4891	pms5003	3917	6.698	3.322	2024-12-21T11:54:58.823660+00:00	P2	44.75
4891	pms5003	3917	6.698	3.322	2024-12-21T11:54:58.823660+00:00	P1	62
4891	pms5003	3917	6.698	3.322	2024-12-21T11:54:58.823660+00:00	P0	28
4891	pms5003	3917	6.698	3.322	2024-12-21T14:34:08.194103+00:00	P2	50.25
4891	pms5003	3917	6.698	3.322	2024-12-21T14:34:08.194103+00:00	P1	66.08
4891	pms5003	3917	6.698	3.322	2024-12-21T14:34:08.194103+00:00	P0	33.33
4891	pms5003	3917	6.698	3.322	2024-12-21T14:53:29.036615+00:00	P2	46.7
4891	pms5003	3917	6.698	3.322	2024-12-21T14:53:29.036615+00:00	P1	61.5
4891	pms5003	3917	6.698	3.322	2024-12-21T14:53:29.036615+00:00	P0	32.2
4891	pms5003	3917	6.698	3.322	2024-12-22T08:46:27.940547+00:00	P2	43.25
4891	pms5003	3917	6.698	3.322	2024-12-22T08:46:27.940547+00:00	P1	59.33
4891	pms5003	3917	6.698	3.322	2024-12-22T08:46:27.940547+00:00	P0	26.5
4892	DHT22	3917	6.698	3.322	2024-12-22T08:46:41.342853+00:00	humidity	37.6
4892	DHT22	3917	6.698	3.322	2024-12-22T08:46:41.342853+00:00	temperature	28.8
4891	pms5003	3917	6.698	3.322	2024-12-22T08:59:50.020089+00:00	P2	50.33
4891	pms5003	3917	6.698	3.322	2024-12-22T08:59:50.020089+00:00	P1	66.11
4891	pms5003	3917	6.698	3.322	2024-12-22T08:59:50.020089+00:00	P0	31.67
4892	DHT22	3917	6.698	3.322	2024-12-22T09:00:03.270681+00:00	humidity	38.3
4892	DHT22	3917	6.698	3.322	2024-12-22T09:00:03.270681+00:00	temperature	29
4891	pms5003	3917	6.698	3.322	2024-12-22T09:14:00.289894+00:00	P2	45.67
4891	pms5003	3917	6.698	3.322	2024-12-22T09:14:00.289894+00:00	P1	64.58
4891	pms5003	3917	6.698	3.322	2024-12-22T09:14:00.289894+00:00	P0	27.58
4892	DHT22	3917	6.698	3.322	2024-12-22T09:14:13.558537+00:00	humidity	37.9
4892	DHT22	3917	6.698	3.322	2024-12-22T09:14:13.558537+00:00	temperature	30.1
4891	pms5003	3917	6.698	3.322	2024-12-22T09:34:51.713887+00:00	P2	45.75
4891	pms5003	3917	6.698	3.322	2024-12-22T09:34:51.713887+00:00	P1	63.67
4891	pms5003	3917	6.698	3.322	2024-12-22T09:34:51.713887+00:00	P0	28.42
4892	DHT22	3917	6.698	3.322	2024-12-22T09:35:04.971031+00:00	humidity	38.8
4892	DHT22	3917	6.698	3.322	2024-12-22T09:35:04.971031+00:00	temperature	30.4
4891	pms5003	3917	6.698	3.322	2024-12-22T09:48:50.375433+00:00	P2	45.23
4891	pms5003	3917	6.698	3.322	2024-12-22T09:48:50.375433+00:00	P1	62.77
4891	pms5003	3917	6.698	3.322	2024-12-22T09:48:50.375433+00:00	P0	27.69
4892	DHT22	3917	6.698	3.322	2024-12-22T09:49:12.035065+00:00	humidity	38.1
4892	DHT22	3917	6.698	3.322	2024-12-22T09:49:12.035065+00:00	temperature	30.8
4891	pms5003	3917	6.698	3.322	2024-12-22T10:15:43.904098+00:00	P2	44.42
4891	pms5003	3917	6.698	3.322	2024-12-22T10:15:43.904098+00:00	P1	61.5
4891	pms5003	3917	6.698	3.322	2024-12-22T10:15:43.904098+00:00	P0	26.75
4892	DHT22	3917	6.698	3.322	2024-12-22T10:15:57.334505+00:00	humidity	37
4892	DHT22	3917	6.698	3.322	2024-12-22T10:15:57.334505+00:00	temperature	32.3
4891	pms5003	3917	6.698	3.322	2024-12-22T10:29:03.178738+00:00	P2	45.54
4891	pms5003	3917	6.698	3.322	2024-12-22T10:29:03.178738+00:00	P1	64.38
4891	pms5003	3917	6.698	3.322	2024-12-22T10:29:03.178738+00:00	P0	27.46
4892	DHT22	3917	6.698	3.322	2024-12-22T10:29:16.628534+00:00	humidity	36.3
4892	DHT22	3917	6.698	3.322	2024-12-22T10:29:16.628534+00:00	temperature	33.2
4891	pms5003	3917	6.698	3.322	2024-12-22T10:55:48.649237+00:00	P2	47.45
4891	pms5003	3917	6.698	3.322	2024-12-22T10:55:48.649237+00:00	P1	65.45
4891	pms5003	3917	6.698	3.322	2024-12-22T10:55:48.649237+00:00	P0	28.73
4892	DHT22	3917	6.698	3.322	2024-12-22T10:56:02.053826+00:00	humidity	35.5
4892	DHT22	3917	6.698	3.322	2024-12-22T10:56:02.053826+00:00	temperature	33.7
4891	pms5003	3917	6.698	3.322	2024-12-22T11:09:14.779617+00:00	P2	48.42
4891	pms5003	3917	6.698	3.322	2024-12-22T11:09:14.779617+00:00	P1	65
4891	pms5003	3917	6.698	3.322	2024-12-22T11:09:14.779617+00:00	P0	30.17
4892	DHT22	3917	6.698	3.322	2024-12-22T11:09:28.146193+00:00	humidity	34.9
4892	DHT22	3917	6.698	3.322	2024-12-22T11:09:28.146193+00:00	temperature	33.7
4891	pms5003	3917	6.698	3.322	2024-12-22T11:22:31.723704+00:00	P2	47.36
4891	pms5003	3917	6.698	3.322	2024-12-22T11:22:31.723704+00:00	P1	64.18
4891	pms5003	3917	6.698	3.322	2024-12-22T11:22:31.723704+00:00	P0	29.27
4891	pms5003	3917	6.698	3.322	2024-12-22T11:43:17.292841+00:00	P2	54
4891	pms5003	3917	6.698	3.322	2024-12-22T11:43:17.292841+00:00	P1	72
4891	pms5003	3917	6.698	3.322	2024-12-22T11:43:17.292841+00:00	P0	34.08
4891	pms5003	3917	6.698	3.322	2024-12-22T11:51:27.111907+00:00	P2	58.14
4891	pms5003	3917	6.698	3.322	2024-12-22T11:51:27.111907+00:00	P1	73.86
4891	pms5003	3917	6.698	3.322	2024-12-22T11:51:27.111907+00:00	P0	34.86
4891	pms5003	3917	6.698	3.322	2024-12-22T12:40:21.192962+00:00	P2	52.33
4891	pms5003	3917	6.698	3.322	2024-12-22T12:40:21.192962+00:00	P1	70.42
4891	pms5003	3917	6.698	3.322	2024-12-22T12:40:21.192962+00:00	P0	33.92
4892	DHT22	3917	6.698	3.322	2024-12-22T12:40:34.610184+00:00	humidity	31.9
4892	DHT22	3917	6.698	3.322	2024-12-22T12:40:34.610184+00:00	temperature	35.7
4891	pms5003	3917	6.698	3.322	2024-12-22T12:48:44.349279+00:00	P2	55.71
4891	pms5003	3917	6.698	3.322	2024-12-22T12:48:44.349279+00:00	P1	72.14
4891	pms5003	3917	6.698	3.322	2024-12-22T12:48:44.349279+00:00	P0	34.29
4892	DHT22	3917	6.698	3.322	2024-12-22T12:48:57.789050+00:00	humidity	31.4
4892	DHT22	3917	6.698	3.322	2024-12-22T12:48:57.789050+00:00	temperature	35.7
4891	pms5003	3917	6.698	3.322	2024-12-22T13:12:33.471830+00:00	P2	58.33
4891	pms5003	3917	6.698	3.322	2024-12-22T13:12:33.471830+00:00	P1	74.47
4891	pms5003	3917	6.698	3.322	2024-12-22T13:12:33.471830+00:00	P0	37.93
4891	pms5003	3917	6.698	3.322	2024-12-22T13:35:47.230595+00:00	P2	52.91
4891	pms5003	3917	6.698	3.322	2024-12-22T13:35:47.230595+00:00	P1	71.73
4891	pms5003	3917	6.698	3.322	2024-12-22T13:35:47.230595+00:00	P0	34.55
4891	pms5003	3917	6.698	3.322	2024-12-22T14:11:04.209064+00:00	P2	49.73
4891	pms5003	3917	6.698	3.322	2024-12-22T14:11:04.209064+00:00	P1	66.73
4891	pms5003	3917	6.698	3.322	2024-12-22T14:11:04.209064+00:00	P0	32.18
4891	pms5003	3917	6.698	3.322	2024-12-23T09:25:24.707844+00:00	P2	97
4891	pms5003	3917	6.698	3.322	2024-12-23T09:25:24.707844+00:00	P1	110.5
4891	pms5003	3917	6.698	3.322	2024-12-23T09:25:24.707844+00:00	P0	61.5
4892	DHT22	3917	6.698	3.322	2024-12-23T09:25:38.191376+00:00	humidity	56
4892	DHT22	3917	6.698	3.322	2024-12-23T09:25:38.191376+00:00	temperature	31.4
4891	pms5003	3917	6.698	3.322	2024-12-23T09:56:23.143316+00:00	P2	84.17
4891	pms5003	3917	6.698	3.322	2024-12-23T09:56:23.143316+00:00	P1	100.33
4891	pms5003	3917	6.698	3.322	2024-12-23T09:56:23.143316+00:00	P0	54
4892	DHT22	3917	6.698	3.322	2024-12-23T09:56:36.262095+00:00	humidity	53
4892	DHT22	3917	6.698	3.322	2024-12-23T09:56:36.262095+00:00	temperature	32.9
4891	pms5003	3917	6.698	3.322	2024-12-23T12:00:28.788091+00:00	P2	46.8
4891	pms5003	3917	6.698	3.322	2024-12-23T12:00:28.788091+00:00	P1	62.8
4891	pms5003	3917	6.698	3.322	2024-12-23T12:00:28.788091+00:00	P0	29.5
4892	DHT22	3917	6.698	3.322	2024-12-23T12:00:41.988612+00:00	humidity	34.4
4892	DHT22	3917	6.698	3.322	2024-12-23T12:00:41.988612+00:00	temperature	35.7
4891	pms5003	3917	6.698	3.322	2024-12-23T12:36:42.514907+00:00	P2	49
4891	pms5003	3917	6.698	3.322	2024-12-23T12:36:42.514907+00:00	P1	63.8
4891	pms5003	3917	6.698	3.322	2024-12-23T12:36:42.514907+00:00	P0	31.1
4892	DHT22	3917	6.698	3.322	2024-12-23T12:36:55.667170+00:00	humidity	34.5
4892	DHT22	3917	6.698	3.322	2024-12-23T12:36:55.667170+00:00	temperature	36.7
4891	pms5003	3917	6.698	3.322	2024-12-23T13:56:26.027310+00:00	P2	52.85
4891	pms5003	3917	6.698	3.322	2024-12-23T13:56:26.027310+00:00	P1	70.62
4891	pms5003	3917	6.698	3.322	2024-12-23T13:56:26.027310+00:00	P0	33.85
4891	pms5003	3917	6.698	3.322	2024-12-23T14:18:35.867612+00:00	P2	50.5
4891	pms5003	3917	6.698	3.322	2024-12-23T14:18:35.867612+00:00	P1	68.3
4891	pms5003	3917	6.698	3.322	2024-12-23T14:18:35.867612+00:00	P0	32.6
4891	pms5003	3917	6.698	3.322	2024-12-24T11:17:36.977442+00:00	P2	63.58
4891	pms5003	3917	6.698	3.322	2024-12-24T11:17:36.977442+00:00	P1	77.75
4891	pms5003	3917	6.698	3.322	2024-12-24T11:17:36.977442+00:00	P0	38.17
4891	pms5003	3917	6.698	3.322	2024-12-24T12:13:51.929602+00:00	P2	52.54
4891	pms5003	3917	6.698	3.322	2024-12-24T12:13:51.929602+00:00	P1	70.46
4891	pms5003	3917	6.698	3.322	2024-12-24T12:13:51.929602+00:00	P0	34.08
4892	DHT22	3917	6.698	3.322	2024-12-24T12:14:05.455319+00:00	humidity	49.1
4892	DHT22	3917	6.698	3.322	2024-12-24T12:14:05.455319+00:00	temperature	35.8
4891	pms5003	3917	6.698	3.322	2024-12-24T12:27:11.876179+00:00	P2	52.69
4891	pms5003	3917	6.698	3.322	2024-12-24T12:27:11.876179+00:00	P1	69.38
4891	pms5003	3917	6.698	3.322	2024-12-24T12:27:11.876179+00:00	P0	34.92
4891	pms5003	3917	6.698	3.322	2024-12-24T12:40:17.657637+00:00	P2	52.08
4891	pms5003	3917	6.698	3.322	2024-12-24T12:40:17.657637+00:00	P1	67.92
4891	pms5003	3917	6.698	3.322	2024-12-24T12:40:17.657637+00:00	P0	34.17
4892	DHT22	3917	6.698	3.322	2024-12-24T12:40:42.349161+00:00	humidity	46.2
4892	DHT22	3917	6.698	3.322	2024-12-24T12:40:42.349161+00:00	temperature	37.1
4891	pms5003	3917	6.698	3.322	2024-12-24T13:00:30.282653+00:00	P2	52.33
4891	pms5003	3917	6.698	3.322	2024-12-24T13:00:30.282653+00:00	P1	69.42
4891	pms5003	3917	6.698	3.322	2024-12-24T13:00:30.282653+00:00	P0	33.5
4891	pms5003	3917	6.698	3.322	2024-12-24T13:27:34.757397+00:00	P2	55.15
4891	pms5003	3917	6.698	3.322	2024-12-24T13:27:34.757397+00:00	P1	69.77
4891	pms5003	3917	6.698	3.322	2024-12-24T13:27:34.757397+00:00	P0	35.08
4892	DHT22	3917	6.698	3.322	2024-12-24T13:27:48.333472+00:00	humidity	44.4
4892	DHT22	3917	6.698	3.322	2024-12-24T13:27:48.333472+00:00	temperature	37.6
4891	pms5003	3917	6.698	3.322	2024-12-24T13:42:00.543084+00:00	P2	51.8
4891	pms5003	3917	6.698	3.322	2024-12-24T13:42:00.543084+00:00	P1	69.6
4891	pms5003	3917	6.698	3.322	2024-12-24T13:42:00.543084+00:00	P0	33.9
4891	pms5003	3917	6.698	3.322	2024-12-24T14:23:31.323561+00:00	P2	58.3
4891	pms5003	3917	6.698	3.322	2024-12-24T14:23:31.323561+00:00	P1	73.1
4891	pms5003	3917	6.698	3.322	2024-12-24T14:23:31.323561+00:00	P0	37
4891	pms5003	3917	6.698	3.322	2024-12-25T11:14:40.329748+00:00	P2	56.2
4891	pms5003	3917	6.698	3.322	2024-12-25T11:14:40.329748+00:00	P1	73
4891	pms5003	3917	6.698	3.322	2024-12-25T11:14:40.329748+00:00	P0	37.1
4891	pms5003	3917	6.698	3.322	2024-12-25T13:22:29.616646+00:00	P2	44.75
4891	pms5003	3917	6.698	3.322	2024-12-25T13:22:29.616646+00:00	P1	58.13
4891	pms5003	3917	6.698	3.322	2024-12-25T13:22:29.616646+00:00	P0	29.37
4891	pms5003	3917	6.698	3.322	2024-12-25T13:48:31.120218+00:00	P2	44.92
4891	pms5003	3917	6.698	3.322	2024-12-25T13:48:31.120218+00:00	P1	56.69
4891	pms5003	3917	6.698	3.322	2024-12-25T13:48:31.120218+00:00	P0	28.46
4891	pms5003	3917	6.698	3.322	2024-12-25T14:08:35.953586+00:00	P2	44.58
4891	pms5003	3917	6.698	3.322	2024-12-25T14:08:35.953586+00:00	P1	59.92
4891	pms5003	3917	6.698	3.322	2024-12-25T14:08:35.953586+00:00	P0	29.92
4892	DHT22	3917	6.698	3.322	2024-12-25T14:08:49.318050+00:00	humidity	37.8
4892	DHT22	3917	6.698	3.322	2024-12-25T14:08:49.318050+00:00	temperature	37.4
4891	pms5003	3917	6.698	3.322	2024-12-25T14:22:35.577140+00:00	P2	44.58
4891	pms5003	3917	6.698	3.322	2024-12-25T14:22:35.577140+00:00	P1	58.17
4891	pms5003	3917	6.698	3.322	2024-12-25T14:22:35.577140+00:00	P0	29.33
4892	DHT22	3917	6.698	3.322	2024-12-25T14:22:51.362954+00:00	humidity	38.6
4892	DHT22	3917	6.698	3.322	2024-12-25T14:22:51.362954+00:00	temperature	37.2
4891	pms5003	3917	6.698	3.322	2024-12-25T14:36:08.686749+00:00	P2	46.45
4891	pms5003	3917	6.698	3.322	2024-12-25T14:36:08.686749+00:00	P1	61.45
4891	pms5003	3917	6.698	3.322	2024-12-25T14:36:08.686749+00:00	P0	30.55
4891	pms5003	3917	6.698	3.322	2024-12-26T17:33:13.797938+00:00	P2	51.56
4891	pms5003	3917	6.698	3.322	2024-12-26T17:33:13.797938+00:00	P1	68.22
4891	pms5003	3917	6.698	3.322	2024-12-26T17:33:13.797938+00:00	P0	34
4892	DHT22	3917	6.698	3.322	2024-12-26T17:33:26.825157+00:00	humidity	70.9
4892	DHT22	3917	6.698	3.322	2024-12-26T17:33:26.825157+00:00	temperature	31
4891	pms5003	3917	6.698	3.322	2024-12-26T17:34:17.940555+00:00	P2	53.33
4891	pms5003	3917	6.698	3.322	2024-12-26T17:34:17.940555+00:00	P1	68.67
4891	pms5003	3917	6.698	3.322	2024-12-26T17:34:17.940555+00:00	P0	33.67
4891	pms5003	3917	6.698	3.322	2024-12-26T17:37:45.688100+00:00	P2	64
4891	pms5003	3917	6.698	3.322	2024-12-26T17:37:45.688100+00:00	P1	76
4891	pms5003	3917	6.698	3.322	2024-12-26T17:37:45.688100+00:00	P0	41.13
4892	DHT22	3917	6.698	3.322	2024-12-26T17:37:58.850551+00:00	humidity	69.1
4892	DHT22	3917	6.698	3.322	2024-12-26T17:37:58.850551+00:00	temperature	31.7
4891	pms5003	3917	6.698	3.322	2024-12-26T17:38:49.949491+00:00	P2	55.5
4891	pms5003	3917	6.698	3.322	2024-12-26T17:38:49.949491+00:00	P1	72
4891	pms5003	3917	6.698	3.322	2024-12-26T17:38:49.949491+00:00	P0	35.5
4892	DHT22	3917	6.698	3.322	2024-12-26T17:39:03.033149+00:00	humidity	68.4
4892	DHT22	3917	6.698	3.322	2024-12-26T17:39:03.033149+00:00	temperature	31.9
4891	pms5003	3917	6.698	3.322	2024-12-26T17:43:08.550588+00:00	P2	83.77
4891	pms5003	3917	6.698	3.322	2024-12-26T17:43:08.550588+00:00	P1	95.85
4891	pms5003	3917	6.698	3.322	2024-12-26T17:43:08.550588+00:00	P0	54.69
4892	DHT22	3917	6.698	3.322	2024-12-26T17:43:21.837576+00:00	humidity	68.3
4892	DHT22	3917	6.698	3.322	2024-12-26T17:43:21.837576+00:00	temperature	31.9
4891	pms5003	3917	6.698	3.322	2024-12-26T17:44:12.601625+00:00	P2	79
4891	pms5003	3917	6.698	3.322	2024-12-26T17:44:12.601625+00:00	P1	85
4891	pms5003	3917	6.698	3.322	2024-12-26T17:44:12.601625+00:00	P0	48
4892	DHT22	3917	6.698	3.322	2024-12-26T17:44:25.729394+00:00	humidity	67.9
4892	DHT22	3917	6.698	3.322	2024-12-26T17:44:25.729394+00:00	temperature	32
4891	pms5003	3917	6.698	3.322	2024-12-26T17:48:31.244120+00:00	P2	51
4891	pms5003	3917	6.698	3.322	2024-12-26T17:48:31.244120+00:00	P1	66.67
4891	pms5003	3917	6.698	3.322	2024-12-26T17:48:31.244120+00:00	P0	34.42
4892	DHT22	3917	6.698	3.322	2024-12-26T17:48:44.451978+00:00	humidity	67.5
4892	DHT22	3917	6.698	3.322	2024-12-26T17:48:44.451978+00:00	temperature	32
4891	pms5003	3917	6.698	3.322	2024-12-26T17:49:35.248465+00:00	P2	50
4891	pms5003	3917	6.698	3.322	2024-12-26T17:49:35.248465+00:00	P1	65
4891	pms5003	3917	6.698	3.322	2024-12-26T17:49:35.248465+00:00	P0	33
4892	DHT22	3917	6.698	3.322	2024-12-26T17:49:48.386030+00:00	humidity	67.3
4892	DHT22	3917	6.698	3.322	2024-12-26T17:49:48.386030+00:00	temperature	32
4891	pms5003	3917	6.698	3.322	2024-12-27T17:32:52.430467+00:00	P2	59.38
4891	pms5003	3917	6.698	3.322	2024-12-27T17:32:52.430467+00:00	P1	72.69
4891	pms5003	3917	6.698	3.322	2024-12-27T17:32:52.430467+00:00	P0	39.92
4892	DHT22	3917	6.698	3.322	2024-12-27T17:33:05.551213+00:00	humidity	69.1
4892	DHT22	3917	6.698	3.322	2024-12-27T17:33:05.551213+00:00	temperature	31.4
4891	pms5003	3917	6.698	3.322	2024-12-27T17:37:11.337713+00:00	P2	61.25
4891	pms5003	3917	6.698	3.322	2024-12-27T17:37:11.337713+00:00	P1	73.08
4891	pms5003	3917	6.698	3.322	2024-12-27T17:37:11.337713+00:00	P0	40.83
4892	DHT22	3917	6.698	3.322	2024-12-27T17:37:24.472004+00:00	humidity	68.7
4892	DHT22	3917	6.698	3.322	2024-12-27T17:37:24.472004+00:00	temperature	31.7
4891	pms5003	3917	6.698	3.322	2024-12-27T17:38:15.528088+00:00	P2	61
4891	pms5003	3917	6.698	3.322	2024-12-27T17:38:15.528088+00:00	P1	76.5
4891	pms5003	3917	6.698	3.322	2024-12-27T17:38:15.528088+00:00	P0	43
4891	pms5003	3917	6.698	3.322	2024-12-27T17:41:43.309416+00:00	P2	65
4891	pms5003	3917	6.698	3.322	2024-12-27T17:41:43.309416+00:00	P1	75.2
4891	pms5003	3917	6.698	3.322	2024-12-27T17:41:43.309416+00:00	P0	42.9
4892	DHT22	3917	6.698	3.322	2024-12-27T17:41:56.429529+00:00	humidity	67.7
4892	DHT22	3917	6.698	3.322	2024-12-27T17:41:56.429529+00:00	temperature	32.1
4891	pms5003	3917	6.698	3.322	2024-12-27T17:42:47.253837+00:00	P2	78.5
4891	pms5003	3917	6.698	3.322	2024-12-27T17:42:47.253837+00:00	P1	87
4891	pms5003	3917	6.698	3.322	2024-12-27T17:42:47.253837+00:00	P0	49.25
4891	pms5003	3917	6.698	3.322	2024-12-27T17:46:14.934599+00:00	P2	72
4891	pms5003	3917	6.698	3.322	2024-12-27T17:46:14.934599+00:00	P1	78.91
4891	pms5003	3917	6.698	3.322	2024-12-27T17:46:14.934599+00:00	P0	47.09
4892	DHT22	3917	6.698	3.322	2024-12-27T17:46:28.067353+00:00	humidity	67.1
4892	DHT22	3917	6.698	3.322	2024-12-27T17:46:28.067353+00:00	temperature	32.2
4891	pms5003	3917	6.698	3.322	2024-12-27T17:47:18.891810+00:00	P2	73
4891	pms5003	3917	6.698	3.322	2024-12-27T17:47:18.891810+00:00	P1	79.5
4891	pms5003	3917	6.698	3.322	2024-12-27T17:47:18.891810+00:00	P0	50
4891	pms5003	3917	6.698	3.322	2024-12-27T18:01:04.718940+00:00	P2	79.73
4891	pms5003	3917	6.698	3.322	2024-12-27T18:01:04.718940+00:00	P1	91.09
4891	pms5003	3917	6.698	3.322	2024-12-27T18:01:04.718940+00:00	P0	52.82
4892	DHT22	3917	6.698	3.322	2024-12-27T18:01:17.863868+00:00	humidity	67
4892	DHT22	3917	6.698	3.322	2024-12-27T18:01:17.863868+00:00	temperature	32.2
4891	pms5003	3917	6.698	3.322	2024-12-27T18:02:09.373564+00:00	P2	74.5
4891	pms5003	3917	6.698	3.322	2024-12-27T18:02:09.373564+00:00	P1	85
4891	pms5003	3917	6.698	3.322	2024-12-27T18:02:09.373564+00:00	P0	50.5
4891	pms5003	3917	6.698	3.322	2024-12-27T18:05:37.068687+00:00	P2	62.91
4891	pms5003	3917	6.698	3.322	2024-12-27T18:05:37.068687+00:00	P1	74.27
4891	pms5003	3917	6.698	3.322	2024-12-27T18:05:37.068687+00:00	P0	43.27
4892	DHT22	3917	6.698	3.322	2024-12-27T18:05:50.215380+00:00	humidity	68.5
4892	DHT22	3917	6.698	3.322	2024-12-27T18:05:50.215380+00:00	temperature	32
4891	pms5003	3917	6.698	3.322	2024-12-27T18:06:41.252651+00:00	P2	60.4
4891	pms5003	3917	6.698	3.322	2024-12-27T18:06:41.252651+00:00	P1	70.4
4891	pms5003	3917	6.698	3.322	2024-12-27T18:06:41.252651+00:00	P0	42.4
4892	DHT22	3917	6.698	3.322	2024-12-27T18:06:54.436815+00:00	humidity	68.8
4892	DHT22	3917	6.698	3.322	2024-12-27T18:06:54.436815+00:00	temperature	31.9
4891	pms5003	3917	6.698	3.322	2024-12-28T08:04:50.879616+00:00	P2	78.45
4891	pms5003	3917	6.698	3.322	2024-12-28T08:04:50.879616+00:00	P1	87.64
4891	pms5003	3917	6.698	3.322	2024-12-28T08:04:50.879616+00:00	P0	50.55
4892	DHT22	3917	6.698	3.322	2024-12-28T08:05:04.254960+00:00	humidity	97.5
4892	DHT22	3917	6.698	3.322	2024-12-28T08:05:04.254960+00:00	temperature	27.3
4891	pms5003	3917	6.698	3.322	2024-12-28T08:05:56.407752+00:00	P2	76.33
4891	pms5003	3917	6.698	3.322	2024-12-28T08:05:56.407752+00:00	P1	82
4891	pms5003	3917	6.698	3.322	2024-12-28T08:05:56.407752+00:00	P0	48
4892	DHT22	3917	6.698	3.322	2024-12-28T08:06:09.810778+00:00	humidity	94.7
4892	DHT22	3917	6.698	3.322	2024-12-28T08:06:09.810778+00:00	temperature	27.7
4891	pms5003	3917	6.698	3.322	2024-12-28T08:29:08.969953+00:00	P2	70.5
4891	pms5003	3917	6.698	3.322	2024-12-28T08:29:08.969953+00:00	P1	79
4891	pms5003	3917	6.698	3.322	2024-12-28T08:29:08.969953+00:00	P0	43.63
4892	DHT22	3917	6.698	3.322	2024-12-28T08:29:22.281677+00:00	humidity	85.8
4892	DHT22	3917	6.698	3.322	2024-12-28T08:29:22.281677+00:00	temperature	29.4
4891	pms5003	3917	6.698	3.322	2024-12-28T08:30:13.824908+00:00	P2	62.75
4891	pms5003	3917	6.698	3.322	2024-12-28T08:30:13.824908+00:00	P1	73.25
4891	pms5003	3917	6.698	3.322	2024-12-28T08:30:13.824908+00:00	P0	41.25
4891	pms5003	3917	6.698	3.322	2024-12-28T08:53:23.649435+00:00	P2	58
4891	pms5003	3917	6.698	3.322	2024-12-28T08:53:23.649435+00:00	P1	71
4891	pms5003	3917	6.698	3.322	2024-12-28T08:53:23.649435+00:00	P0	38.88
4892	DHT22	3917	6.698	3.322	2024-12-28T08:53:37.004430+00:00	humidity	77.9
4892	DHT22	3917	6.698	3.322	2024-12-28T08:53:37.004430+00:00	temperature	31.5
4891	pms5003	3917	6.698	3.322	2024-12-28T09:12:23.363442+00:00	P2	62.1
4891	pms5003	3917	6.698	3.322	2024-12-28T09:12:23.363442+00:00	P1	75.1
4891	pms5003	3917	6.698	3.322	2024-12-28T09:12:23.363442+00:00	P0	41
4892	DHT22	3917	6.698	3.322	2024-12-28T09:12:36.585496+00:00	humidity	72.3
4892	DHT22	3917	6.698	3.322	2024-12-28T09:12:36.585496+00:00	temperature	32.6